"Category","Card Member","Account Number","Sub-Category","Date","Month Billed","Transaction","Charges $","Credits $"
"Auto","JAN KOWALSKI","XXXX-XXXXXX-99999","Gas","08/26/07","September","BREDBO SERVICE STATION BREDBO NSW",73.76,
"Auto","JAN KOWALSKI","XXXX-XXXXXX-99999","Gas","08/29/07","September","AUTO MARINE & BP VINCENTIA VINCENTIA NSW",66.22,
"Auto","JAN KOWALSKI","XXXX-XXXXXX-99999","Gas","08/31/07","September","COLES EXPRESS FIVE DOCK NSW",66.31,
"Auto","JAN KOWALSKI","XXXX-XXXXXX-99999","Gas","10/28/07","November","MALTA STACJA NR 464 POZNAN POLAND",83.8,
"Auto","JAN KOWALSKI","XXXX-XXXXXX-99999","Gas","10/29/07","November","PKN STACJA NR 1255 SWIECKO POLAND",21.56,
"Auto","JAN KOWALSKI","XXXX-XXXXXX-99999","Gas","11/27/07","December","SHELL TANKSTELLE,GRASSAU",11.56,
"Auto","JAGNA KOWALSKA","XXXX-XXXXXX-99999","Gas","02/02/07","February","UNION 76            INCLINE VILLAGE   NV",37.0,
"Auto","JAGNA KOWALSKA","XXXX-XXXXXX-99999","Gas","03/06/07","March","UNION 76            INCLINE VILLAGE   NV",44.44,
"Auto","JAGNA KOWALSKA","XXXX-XXXXXX-99999","Gas","03/19/07","March","UNION 76            INCLINE VILLAGE   NV",33.33,
"Auto","JAGNA KOWALSKA","XXXX-XXXXXX-99999","Gas","03/26/07","April","UNION 76            INCLINE VILLAGE   NV",37.77,
"Auto","JAGNA KOWALSKA","XXXX-XXXXXX-99999","Gas","04/02/07","April","UNION 76            INCLINE VILLAGE   NV",44.44,
"Auto","JAGNA KOWALSKA","XXXX-XXXXXX-99999","Gas","04/16/07","April","UNION 76            INCLINE VILLAGE   NV",22.44,
"Auto","JAGNA KOWALSKA","XXXX-XXXXXX-99999","Gas","04/17/07","April","UNION 76            INCLINE VILLAGE   NV",30.0,
"Auto","JAGNA KOWALSKA","XXXX-XXXXXX-99999","Gas","05/16/07","May","CHEVRON 0202365     RENO              NV",30.01,
"Auto","JAGNA KOWALSKA","XXXX-XXXXXX-99999","Gas","06/29/07","July","CHEVRON 0202365     RENO              NV",47.74,
"Auto","JAGNA KOWALSKA","XXXX-XXXXXX-99999","Gas","07/03/07","July","UNION 76            INCLINE VILLAGE   NV",40.0,
"Auto","JAGNA KOWALSKA","XXXX-XXXXXX-99999","Gas","07/13/07","July","CITGO 7 ELEVEN 22581RENO              NV",38.0,
"Auto","JAGNA KOWALSKA","XXXX-XXXXXX-99999","Gas","07/18/07","July","UNION 76            INCLINE VILLAGE   NV",10.03,
"Auto","JAGNA KOWALSKA","XXXX-XXXXXX-99999","Gas","08/10/07","August","CHEVRON 0301290     INCLINE VILLAGE   NV",46.01,
"Auto","JAGNA KOWALSKA","XXXX-XXXXXX-99999","Gas","09/06/07","September","SHELL OIL           SAN FRANCISCO     CA",33.0,
"Auto","JAGNA KOWALSKA","XXXX-XXXXXX-99999","Gas","09/20/07","September","CHEVRON INCLINE VILLINCLINE VILLAGE     NV",45.02,
"Auto","JAGNA KOWALSKA","XXXX-XXXXXX-99999","Gas","09/26/07","October","CHEVRON INCLINE VILLINCLINE VILLAGE     NV",40.02,
"Auto","JAGNA KOWALSKA","XXXX-XXXXXX-99999","Gas","09/27/07","October","UNION 76 00362830   SAN BRUNO           CA",24.0,
"Auto","JAGNA KOWALSKA","XXXX-XXXXXX-99999","Gas","11/05/07","November","NORTH TAHOE STATION KINGS BEACH         CA",32.02,
"Auto","JAGNA KOWALSKA","XXXX-XXXXXX-99999","Gas","11/09/07","November","NORTH TAHOE STATION KINGS BEACH         CA",47.03,
"Auto","JAGNA KOWALSKA","XXXX-XXXXXX-99999","Gas","12/05/07","December","CHEVRON INCLINE VILLINCLINE VILLAGE     NV",51.0,
"Auto","JAGNA KOWALSKA","XXXX-XXXXXX-99999","Gas","12/17/07","December","CHEVRON KINGS BCH CHKINGS BEACH         CA",49.01,
"Travel","JAN KOWALSKI","XXXX-XXXXXX-99999","Airline","10/05/07","October","INDIAN AIRLINES ONLINE BOOKING DELHI IND",111.89,
"Travel","JAN KOWALSKI","XXXX-XXXXXX-99999","Airline","10/05/07","October","INDIAN AIRLINES ONLINE BOOKING DELHI IND",111.89,
"Travel","JAGNA KOWALSKA","XXXX-XXXXXX-99999","Airline","04/07/07","April","WWW.FLYDBA.COM, GERMANY",316.92,
"Travel","JAGNA KOWALSKA","XXXX-XXXXXX-99999","Airline","04/07/07","April","WWW.FLYDBA.COM, GERMANY",135.44,
"Travel","JAGNA KOWALSKA","XXXX-XXXXXX-99999","Car Rental","04/18/07","April","HERTZ - MAKATEL -, FRANKFURT",163.04,
"Travel","JAGNA KOWALSKA","XXXX-XXXXXX-99999","Car Rental","04/18/07","May","HERTZ - MAKATEL -, FRANKFURT",32.72,
"Travel","JAGNA KOWALSKA","XXXX-XXXXXX-99999","Car Rental","11/05/07","November","HERTZ CAR RENTAL    SAN FRANCISCO     CA",133.92,
"Travel","JAN KOWALSKI","XXXX-XXXXXX-99999","Lodging","01/08/07","January","HEAVENLY PASS SALES SO LAKE TAHOE       NV",74.0,
"Travel","JAN KOWALSKI","XXXX-XXXXXX-99999","Lodging","01/20/07","January","SQUAW VALLEY TICKET OLYMPIC VALLEY    CA",35.0,
"Travel","JAN KOWALSKI","XXXX-XXXXXX-99999","Lodging","01/20/07","January","SQUAW VALLEY TICKET OLYMPIC VALLEY    CA",35.0,
"Travel","JAN KOWALSKI","XXXX-XXXXXX-99999","Lodging","01/21/07","January","SQUAW VALLEY TICKET OLYMPIC VALLEY    CA",35.0,
"Travel","JAN KOWALSKI","XXXX-XXXXXX-99999","Lodging","01/29/07","February","TAMARACK LODGE      MAMMOTH LAKES     CA",50.29,
"Travel","JAN KOWALSKI","XXXX-XXXXXX-99999","Lodging","02/04/07","February","TAMARACK LODGE      MAMMOTH LAKES     CA",80.88,
"Travel","JAN KOWALSKI","XXXX-XXXXXX-99999","Lodging","02/17/07","February","ALPINE MEADOWS      TAHOE CITY          CA",6.75,
"Travel","JAN KOWALSKI","XXXX-XXXXXX-99999","Lodging","02/18/07","February","ALPINE MEADOWS      TAHOE CITY          CA",6.75,
"Travel","JAN KOWALSKI","XXXX-XXXXXX-99999","Lodging","02/27/07","March","HOMEWOOD MOUNTAIN REHOMEWOOD          CA",27.0,
"Travel","JAN KOWALSKI","XXXX-XXXXXX-99999","Lodging","04/14/07","April","ALPINE MEADOWS      TAHOE CITY          CA",7.75,
"Travel","JAN KOWALSKI","XXXX-XXXXXX-99999","Lodging","07/21/07","July","LK TAHOE HORIZON CASSTATELINE           NV",15.96,
"Travel","JAN KOWALSKI","XXXX-XXXXXX-99999","Lodging","08/09/07","August","BOGONG MOTH MOTEL MOUNT BEAUTY VIC",87.11,
"Travel","JAN KOWALSKI","XXXX-XXXXXX-99999","Lodging","08/23/07","August","BOGONG MOTH MOTEL MOUNT BEAUTY VIC",82.92,
"Travel","JAN KOWALSKI","XXXX-XXXXXX-99999","Lodging","08/23/07","August","MERCURE HOTEL WELCOME MELBOURNE, MELB, V",128.99,
"Travel","JAN KOWALSKI","XXXX-XXXXXX-99999","Lodging","08/26/07","September","COMFORT INN & SUITES BLAZING STUMP",100.83,
"Travel","JAN KOWALSKI","XXXX-XXXXXX-99999","Lodging","08/27/07","September","SAVILLE PARK SUITES CANBERRA CANBERRA AC",110.44,
"Travel","JAN KOWALSKI","XXXX-XXXXXX-99999","Lodging","08/31/07","September","OAKS HYDE PARK PLAZA SYDNEY NSW",20.91,
"Travel","JAN KOWALSKI","XXXX-XXXXXX-99999","Lodging","09/15/07","September","MOTEL 6 0276  002766MAMMOTH LAKES       CA",92.31,
"Travel","JAGNA KOWALSKA","XXXX-XXXXXX-99999","Lodging","02/26/07","March","HOMEWOOD MOUNTAIN REHOMEWOOD          CA",11.8,
"Travel","JAGNA KOWALSKA","XXXX-XXXXXX-99999","Lodging","02/27/07","March","HOMEWOOD MOUNTAIN REHOMEWOOD          CA",4.15,
"Travel","JAGNA KOWALSKA","XXXX-XXXXXX-99999","Lodging","02/28/07","March","HOMEWOOD MOUNTAIN REHOMEWOOD          CA",2.95,
"Travel","JAGNA KOWALSKA","XXXX-XXXXXX-99999","Lodging","04/11/07","April","NORTHSTAR BIG SPRINGTRUCKEE             CA",8.85,
"Travel","JAGNA KOWALSKA","XXXX-XXXXXX-99999","Lodging","04/12/07","April","NORTHSTAR BIG SPRINGTRUCKEE             CA",8.85,
"Travel","JAGNA KOWALSKA","XXXX-XXXXXX-99999","Lodging","12/19/07","December","NORTHSTAR BIG SPRINGTRUCKEE             CA",12.6,
"Travel","JAGNA KOWALSKA","XXXX-XXXXXX-99999","Lodging","12/20/07","December","NORTHSTAR BIG SPRINGTRUCKEE             CA",12.6,
"Travel","JAN KOWALSKI","XXXX-XXXXXX-99999","Other Transportation","09/01/07","September","SYDNEY FERRIES CIRCULAR QUAY NSW",25.75,
"Travel","JAGNA KOWALSKA","XXXX-XXXXXX-99999","Other Transportation","10/08/07","October","DIE BAHN (REISEZENTRUM)",28.96,
"Travel","JAN KOWALSKI","XXXX-XXXXXX-99999","Travel Related","09/01/07","September","TOLLAUST P/L NORTH RYDE NSW PH:02.986944",1.25,
"Travel","JAN KOWALSKI","XXXX-XXXXXX-99999","Travel Related","09/23/07","September","TOLLAUST P/L NORTH RYDE NSW PH:02.986944",2.92,
"Travel","JAN KOWALSKI","XXXX-XXXXXX-99999","Travel Related","11/25/07","December","HOLIDAY INN SUNSPREEW YELLOWSTONE       MT",728.86,
"Restaurant","JAN KOWALSKI","XXXX-XXXXXX-99999","Restaurant","01/20/07","January","OLYMPIC PLAZA FOOD AVALLEY            CA",18.18,
"Restaurant","JAN KOWALSKI","XXXX-XXXXXX-99999","Restaurant","01/21/07","January","OLYMPIC PLAZA FOOD AVALLEY            CA",11.8,
"Restaurant","JAN KOWALSKI","XXXX-XXXXXX-99999","Restaurant","01/25/07","February","BOREAL              SODA SPRINGS        CA",4.5,
"Restaurant","JAN KOWALSKI","XXXX-XXXXXX-99999","Restaurant","01/25/07","February","BOREAL              SODA SPRINGS        CA",13.25,
"Restaurant","JAN KOWALSKI","XXXX-XXXXXX-99999","Restaurant","07/07/07","July","ANNIE CREEK REST 300WHITE CITY          OR",33.0,
"Restaurant","JAN KOWALSKI","XXXX-XXXXXX-99999","Restaurant","07/07/07","July","SCHLOTZSKY'S DELI #1KLAMATH FALLS       OR",17.8,
"Restaurant","JAN KOWALSKI","XXXX-XXXXXX-99999","Restaurant","07/25/07","August","BRIMM'S A CATERING CINCLINE VILLA       NV",24.7,
"Restaurant","JAN KOWALSKI","XXXX-XXXXXX-99999","Restaurant","08/04/07","August","BASE CAMP CAFE BASE MAMMOTH LAKE        CA",15.28,
"Restaurant","JAN KOWALSKI","XXXX-XXXXXX-99999","Restaurant","08/06/07","August","QUIZNOS SUB #5889 30INCLINE VILLAGE     NV",8.89,
"Restaurant","JAN KOWALSKI","XXXX-XXXXXX-99999","Restaurant","08/22/07","August","CAFE SEGOVIA MELBOURNE VIC",51.29,
"Restaurant","JAN KOWALSKI","XXXX-XXXXXX-99999","Restaurant","08/22/07","August","STARBUCKS COFFEE 35321",19.39,
"Restaurant","JAN KOWALSKI","XXXX-XXXXXX-99999","Restaurant","09/02/07","September","NORTHERN BITE MANLY NSW",27.01,
"Restaurant","JAN KOWALSKI","XXXX-XXXXXX-99999","Restaurant","09/03/07","September","BONDI BUNS MASCOT NSW",5.05,
"Restaurant","JAN KOWALSKI","XXXX-XXXXXX-99999","Restaurant","09/16/07","September","BASE CAMP CAFE BASE MAMMOTH LAKE        CA",26.38,
"Restaurant","JAN KOWALSKI","XXXX-XXXXXX-99999","Restaurant","11/18/07","November","RUBICON PIZZA BISTROTRUCKEE             CA",39.41,
"Restaurant","JAN KOWALSKI","XXXX-XXXXXX-99999","Restaurant","11/25/07","December","SUBWAY        122788WINNEMUCCA          NV",13.82,
"Restaurant","JAN KOWALSKI","XXXX-XXXXXX-99999","Restaurant","12/21/07","December","KEVA JUICE 800000791RENO                NV",7.52,
"Restaurant","JAN KOWALSKI","XXXX-XXXXXX-99999","Restaurant","12/21/07","December","RED BRICK PIZZA RENORENO                NV",7.46,
"Restaurant","JAN KOWALSKI","XXXX-XXXXXX-99999","Restaurant","12/22/07","December","ALPINE MEADOWS CAFE TAHOE CITY          CA",10.12,
"Restaurant","JAN KOWALSKI","XXXX-XXXXXX-99999","Restaurant","12/26/07","January","ALPINE MEADOWS CAFE TAHOE CITY          CA",10.12,
"Restaurant","JAGNA KOWALSKA","XXXX-XXXXXX-99999","Restaurant","11/02/07","November","SBARRO 797         QPHILADELPHIA        PA",10.67,
"Restaurant","JAGNA KOWALSKA","XXXX-XXXXXX-99999","Restaurant","12/20/07","December","NORTHSTAR STARBUCKS TRUCKEE             CA",2.73,
"Other Merchants","JAN KOWALSKI","XXXX-XXXXXX-99999","Entertainment","01/06/07","January","MT ROSE SKI TAHOE   RENO              NV",42.95,
"Other Merchants","JAN KOWALSKI","XXXX-XXXXXX-99999","Entertainment","07/01/07","July","CENTURY #496 8000000RENO                NV",18.5,
"Other Merchants","JAN KOWALSKI","XXXX-XXXXXX-99999","Entertainment","07/16/07","July","CENTURY #496 8000000RENO                NV",18.0,
"Other Merchants","JAN KOWALSKI","XXXX-XXXXXX-99999","Entertainment","09/17/07","September","CENTURY #496 8000000RENO                NV",12.5,
"Other Merchants","JAN KOWALSKI","XXXX-XXXXXX-99999","Entertainment","11/05/07","November","REGAL E WALK 13 REGANEW YORK            NY",11.0,
"Other Merchants","JAN KOWALSKI","XXXX-XXXXXX-99999","Entertainment","11/07/07","November","AMC EMPIRE 25 005524NEW YORK            NY",11.75,
"Other Merchants","JAN KOWALSKI","XXXX-XXXXXX-99999","Entertainment","11/11/07","November","CENTURY #496 8000000RENO                NV",18.5,
"Other Merchants","JAN KOWALSKI","XXXX-XXXXXX-99999","Entertainment","11/12/07","November","ROCKSPORT INDOOR CLISPARKS              NV",23.5,
"Other Merchants","JAN KOWALSKI","XXXX-XXXXXX-99999","Entertainment","12/21/07","December","CENTURY #496 8000000RENO                NV",19.0,
"Other Merchants","JAGNA KOWALSKA","XXXX-XXXXXX-99999","Entertainment","01/27/07","February","KIRKWOOD MOUNTAIN REKIRKWOOD          CA",35.0,
"Other Merchants","JAN KOWALSKI","XXXX-XXXXXX-99999","Health Care","01/02/07","January","MAURICE PALERMO DDS RENO                NV",930.0,
"Other Merchants","JAN KOWALSKI","XXXX-XXXXXX-99999","Health Care","01/22/07","January","MAURICE PALERMO DDS RENO                NV",126.0,
"Other Merchants","JAN KOWALSKI","XXXX-XXXXXX-99999","Health Care","07/03/07","July","MAURICE PALERMO DDS RENO                NV",360.0,
"Other Merchants","JAGNA KOWALSKA","XXXX-XXXXXX-99999","Health Care","05/16/07","May","MAURICE PALERMO DDS RENO                NV",72.0,
"Other Merchants","JAGNA KOWALSKA","XXXX-XXXXXX-99999","Health Care","08/07/07","August","MAURICE PALERMO DDS RENO                NV",370.0,
"Other Merchants","JAGNA KOWALSKA","XXXX-XXXXXX-99999","Communications","03/28/07","April","VESTA *T-MOBILE     888-278-3397      OR",50.0,
"Other Merchants","JAGNA KOWALSKA","XXXX-XXXXXX-99999","Communications","08/06/07","August","VESTA *T-MOBILE VESTPORTLAND            OR",100.0,
"Other Merchants","JAN KOWALSKI","XXXX-XXXXXX-99999","Professional Services","01/03/07","January","INCLINE VLLGE RECRTNINCLINE VILLA       NV",24.75,
"Other Merchants","JAN KOWALSKI","XXXX-XXXXXX-99999","Professional Services","01/28/07","February","INCLINE VLLGE RECRTNINCLINE VILLA       NV",31.5,
"Other Merchants","JAN KOWALSKI","XXXX-XXXXXX-99999","Professional Services","03/30/07","April","INCLINE VLLGE RECRTNINCLINE VILLA       NV",8.25,
"Other Merchants","JAN KOWALSKI","XXXX-XXXXXX-99999","Professional Services","04/13/07","April","INCLINE VLLGE RECRTNINCLINE VILLA       NV",8.25,
"Other Merchants","JAN KOWALSKI","XXXX-XXXXXX-99999","Professional Services","05/01/07","May","INCLINE VLLGE RECRTNINCLINE VILLA       NV",6.0,
"Other Merchants","JAN KOWALSKI","XXXX-XXXXXX-99999","Professional Services","05/03/07","May","INCLINE VLLGE RECRTNINCLINE VILLA       NV",15.0,
"Other Merchants","JAN KOWALSKI","XXXX-XXXXXX-99999","Professional Services","05/03/07","May","INCLINE VLLGE RECRTNINCLINE VILLA       NV",22.0,
"Other Merchants","JAN KOWALSKI","XXXX-XXXXXX-99999","Professional Services","05/07/07","May","INCLINE VLLGE RECRTNINCLINE VILLA       NV",20.0,
"Other Merchants","JAN KOWALSKI","XXXX-XXXXXX-99999","Professional Services","05/10/07","May","INCLINE VLLGE RECRTNINCLINE VILLA       NV",37.0,
"Other Merchants","JAN KOWALSKI","XXXX-XXXXXX-99999","Professional Services","06/29/07","July","INCLINE VLLGE RECRTNINCLINEVILLAG       NV",40.0,
"Other Merchants","JAN KOWALSKI","XXXX-XXXXXX-99999","Professional Services","06/29/07","July","INCLINE VLLGE RECRTNINCLINEVILLAG       NV",60.0,
"Other Merchants","JAN KOWALSKI","XXXX-XXXXXX-99999","Professional Services","06/30/07","July","INCLINE VLLGE RECRTNINCLINEVILLAG       NV",6.0,
"Other Merchants","JAN KOWALSKI","XXXX-XXXXXX-99999","Professional Services","07/09/07","July","INCLINE VLLGE RECRTNINCLINEVILLAG       NV",100.0,
"Other Merchants","JAN KOWALSKI","XXXX-XXXXXX-99999","Professional Services","07/23/07","July","CLICKNPRINT TICKETS 888-695-0888        TX",75.9,
"Other Merchants","JAN KOWALSKI","XXXX-XXXXXX-99999","Professional Services","07/25/07","August","INCLINE VLLGE RECRTNINCLINEVILLAG       NV",100.0,
"Other Merchants","JAN KOWALSKI","XXXX-XXXXXX-99999","Professional Services","07/26/07","August","CLICKNPRINT TICKETS 888-695-0888        TX",54.7,
"Other Merchants","JAN KOWALSKI","XXXX-XXXXXX-99999","Professional Services","08/02/07","August","INCLINE VLLGE RECRTNINCLINEVILLAG       NV",6.0,
"Other Merchants","JAN KOWALSKI","XXXX-XXXXXX-99999","Professional Services","08/09/07","August","TFH CTR HEALTH AND STRUCKEE             CA",150.0,
"Other Merchants","JAN KOWALSKI","XXXX-XXXXXX-99999","Professional Services","08/20/07","August","INCLINE VLLGE RECRTNINCLINEVILLAG       NV",100.0,
"Other Merchants","JAN KOWALSKI","XXXX-XXXXXX-99999","Professional Services","08/23/07","August","AUST POST 331088 MELBOURNE VIC",8.23,
"Other Merchants","JAN KOWALSKI","XXXX-XXXXXX-99999","Professional Services","09/05/07","September","INCLINE VLLGE RECRTNINCLINEVILLAG       NV",479.95,
"Other Merchants","JAN KOWALSKI","XXXX-XXXXXX-99999","Professional Services","09/13/07","September","INCLINE VLLGE RECRTNINCLINEVILLAG       NV",6.0,
"Other Merchants","JAN KOWALSKI","XXXX-XXXXXX-99999","Professional Services","09/24/07","September","INCLINE VLLGE RECRTNINCLINEVILLAG       NV",20.0,
"Other Merchants","JAN KOWALSKI","XXXX-XXXXXX-99999","Professional Services","11/11/07","November","INCLINE VLLGE RECRTNINCLINEVILLAG       NV",29.0,
"Other Merchants","JAN KOWALSKI","XXXX-XXXXXX-99999","Professional Services","11/30/07","December","ALPINE MEADOWS TICKETAHOE CITY          CA",720.0,
"Other Merchants","JAN KOWALSKI","XXXX-XXXXXX-99999","Professional Services","12/22/07","December","ALPINE SNOW SPORTS ATAHOE CITY          CA",255.0,
"Other Merchants","JAGNA KOWALSKA","XXXX-XXXXXX-99999","Professional Services","03/27/07","April","USPS 3148830450     INCLINE VILL        NV",9.75,
"Other Merchants","JAGNA KOWALSKA","XXXX-XXXXXX-99999","Professional Services","04/05/07","April","USPS 3148830450     INCLINE VILL        NV",1.96,
"Other Merchants","JAGNA KOWALSKA","XXXX-XXXXXX-99999","Professional Services","05/19/07","May","SMARTE CARTE SFOAP 3SAN FRANCISCO       CA",3.0,
"Other Merchants","JAGNA KOWALSKA","XXXX-XXXXXX-99999","Professional Services","06/25/07","July","USPS 3148830450     INCLINE VILL        NV",9.05,
"Other Merchants","JAGNA KOWALSKA","XXXX-XXXXXX-99999","Professional Services","07/02/07","July","INCLINE VLLGE RECRTNINCLINEVILLAG       NV",75.0,
"Other Merchants","JAGNA KOWALSKA","XXXX-XXXXXX-99999","Professional Services","07/30/07","August","INCLINE VLLGE RECRTNINCLINEVILLAG       NV",44.0,
"Other Merchants","JAGNA KOWALSKA","XXXX-XXXXXX-99999","Professional Services","07/31/07","August","INCLINE VLLGE RECRTNINCLINEVILLAG       NV",75.0,
"Other Merchants","JAGNA KOWALSKA","XXXX-XXXXXX-99999","Professional Services","08/08/07","August","NEVADA DMV-08 000000RENO                NV",43.75,
"Other Merchants","JAGNA KOWALSKA","XXXX-XXXXXX-99999","Professional Services","08/20/07","August","USPS 3148830450     INCLINE VILL        NV",52.0,
"Other Merchants","JAGNA KOWALSKA","XXXX-XXXXXX-99999","Professional Services","09/04/07","September","INCLINE VLLGE RECRTNINCLINEVILLAG       NV",44.0,
"Other Merchants","JAGNA KOWALSKA","XXXX-XXXXXX-99999","Professional Services","09/11/07","September","TRAVEL 888 VAYAMA1  8888292621          CA",10.0,
"Other Merchants","JAGNA KOWALSKA","XXXX-XXXXXX-99999","Professional Services","09/11/07","September","TRAVEL 888 VAYAMA1  8888292621          CA",859.31,
"Other Merchants","JAGNA KOWALSKA","XXXX-XXXXXX-99999","Professional Services","09/19/07","September","INCLINE VLLGE RECRTNINCLINEVILLAG       NV",37.0,
"Other Merchants","JAGNA KOWALSKA","XXXX-XXXXXX-99999","Professional Services","09/26/07","October","USPS 3148830450     INCLINE VILL        NV",2.62,
"Other Merchants","JAGNA KOWALSKA","XXXX-XXXXXX-99999","Professional Services","11/04/07","November","SMARTE CARTE SFOAP 3SAN FRANCISCO       CA",3.0,
"Other Merchants","JAGNA KOWALSKA","XXXX-XXXXXX-99999","Professional Services","11/06/07","November","USPS 3148830450     INCLINE VILL        NV",9.5,
"Other Merchants","JAGNA KOWALSKA","XXXX-XXXXXX-99999","Professional Services","11/07/07","November","INCLINE VLLGE RECRTNINCLINEVILLAG       NV",35.0,
"Other Merchants","JAGNA KOWALSKA","XXXX-XXXXXX-99999","Professional Services","11/27/07","December","INCLINE VLLGE RECRTNINCLINEVILLAG       NV",6.0,
"Other Merchants","JAGNA KOWALSKA","XXXX-XXXXXX-99999","Professional Services","11/27/07","December","INCLINE VLLGE RECRTNINCLINEVILLAG       NV",29.0,
"Other Merchants","JAGNA KOWALSKA","XXXX-XXXXXX-99999","Professional Services","12/04/07","December","INCLINE VLLGE RECRTNINCLINEVILLAG       NV",,19.0
"Other Merchants","JAGNA KOWALSKA","XXXX-XXXXXX-99999","Professional Services","12/04/07","December","INCLINE VLLGE RECRTNINCLINEVILLAG       NV",,6.0
"Other Merchants","JAN KOWALSKI","XXXX-XXXXXX-99999","Associations","01/09/07","January","TAHOE DONNER ASSOCIATRUCKEE             CA",10.0,
"Other Merchants","JAN KOWALSKI","XXXX-XXXXXX-99999","Associations","01/23/07","January","TAHOE DONNER ASSOCIATRUCKEE             CA",10.0,
"Other Merchants","JAN KOWALSKI","XXXX-XXXXXX-99999","Associations","01/29/07","February","TAHOE DONNER ASSOCIATRUCKEE             CA",12.0,
"Other Merchants","JAN KOWALSKI","XXXX-XXXXXX-99999","Associations","01/30/07","February","TAHOE DONNER ASSOCIATRUCKEE             CA",12.0,
"Other Merchants","JAN KOWALSKI","XXXX-XXXXXX-99999","Associations","02/12/07","February","TAHOE DONNER ASSOCIATRUCKEE             CA",12.0,
"Other Merchants","JAN KOWALSKI","XXXX-XXXXXX-99999","Associations","11/06/07","November","SPORTS CENTER AT CHENEW YORK            NY",25.0,
"Other Merchants","JAN KOWALSKI","XXXX-XXXXXX-99999","Associations","11/08/07","November","SPORTS CENTER AT CHENEW YORK            NY",25.0,
"Other Merchants","JAN KOWALSKI","XXXX-XXXXXX-99999","Other Charges","09/02/07","September","CITY OF SYDNEY PARKING METERS NSW",2.1,
"Merchandise","JAN KOWALSKI","XXXX-XXXXXX-99999","Drug Store","01/24/07","February","RITE AID 6108 RITE ATRUCKEE             CA",16.16,
"Merchandise","JAN KOWALSKI","XXXX-XXXXXX-99999","Drug Store","09/02/07","September","OXFORD PHARMACY DARLINGHURST NSW",28.47,
"Merchandise","JAN KOWALSKI","XXXX-XXXXXX-99999","Mail Order","01/03/07","January","BOATERSLAND MARINE  SOLON             OH",262.95,
"Merchandise","JAN KOWALSKI","XXXX-XXXXXX-99999","Mail Order","01/06/07","January","MOVIELINK MOVIE 06013102648928          CA",2.99,
"Merchandise","JAN KOWALSKI","XXXX-XXXXXX-99999","Mail Order","01/21/07","January","MOVIELINK MOVIE 06013102648928          CA",4.5,
"Merchandise","JAN KOWALSKI","XXXX-XXXXXX-99999","Mail Order","02/01/07","February","WCSN.COM            866-446-8254      NY",4.95,
"Merchandise","JAN KOWALSKI","XXXX-XXXXXX-99999","Mail Order","02/08/07","February","MEDIAZONE           888-666-2940        CA",19.99,
"Merchandise","JAN KOWALSKI","XXXX-XXXXXX-99999","Mail Order","02/16/07","February","WCSN.COM            866-446-8254      NY",,4.95
"Merchandise","JAN KOWALSKI","XXXX-XXXXXX-99999","Mail Order","02/21/07","February","MOVIELINK MOVIE 06013102648928          CA",19.99,
"Merchandise","JAN KOWALSKI","XXXX-XXXXXX-99999","Mail Order","03/27/07","April","ALPINE MEADOWS      530-5818324         CA",258.0,
"Merchandise","JAN KOWALSKI","XXXX-XXXXXX-99999","Mail Order","05/03/07","May","MOVIELINK MOVIE 06013102648928          CA",3.99,
"Merchandise","JAN KOWALSKI","XXXX-XXXXXX-99999","Mail Order","05/05/07","May","MOVIELINK MOVIE 06013102648928          CA",3.99,
"Merchandise","JAN KOWALSKI","XXXX-XXXXXX-99999","Mail Order","06/25/07","July","ETRAILER.COM 00000  WENTZVILLE          MO",125.57,
"Merchandise","JAN KOWALSKI","XXXX-XXXXXX-99999","Mail Order","06/28/07","July","MOVIELINK MOVIE 06013102648928          CA",3.95,
"Merchandise","JAN KOWALSKI","XXXX-XXXXXX-99999","Mail Order","06/29/07","July","MOVIELINK MOVIE 06013102648928          CA",4.5,
"Merchandise","JAN KOWALSKI","XXXX-XXXXXX-99999","Mail Order","07/28/07","August","IVISA SERVICES/AUSTRALIA VISA",18.1,
"Merchandise","JAN KOWALSKI","XXXX-XXXXXX-99999","Mail Order","07/29/07","August","MOVIELINK MOVIE 06013102648928          CA",19.99,
"Merchandise","JAN KOWALSKI","XXXX-XXXXXX-99999","Mail Order","07/31/07","August","MOVIELINK MOVIE 06013102648928          CA",19.99,
"Merchandise","JAN KOWALSKI","XXXX-XXXXXX-99999","Mail Order","09/24/07","September","MOVIELINK MOVIE 06013102648928          CA",3.99,
"Merchandise","JAN KOWALSKI","XXXX-XXXXXX-99999","Mail Order","09/27/07","October","SMUGMUG PHOTO 0575  MOUNTAIN VIEW       CA",29.95,
"Merchandise","JAGNA KOWALSKA","XXXX-XXXXXX-99999","Mail Order","01/02/07","January","VICTORIA SECRET     800-888-1500      OH",37.28,
"Merchandise","JAGNA KOWALSKA","XXXX-XXXXXX-99999","Mail Order","01/17/07","January","VICTORIA SECRET     800-888-1500      OH",49.1,
"Merchandise","JAGNA KOWALSKA","XXXX-XXXXXX-99999","Mail Order","02/04/07","February","MOVIELINK MOVIE 06013102648928          CA",3.98,
"Merchandise","JAGNA KOWALSKA","XXXX-XXXXXX-99999","Mail Order","02/14/07","February","VIE CORP            6463317372        NY",5.0,
"Merchandise","JAGNA KOWALSKA","XXXX-XXXXXX-99999","Mail Order","02/22/07","February","VICTORIA SECRET     800-888-1500      OH",,37.47
"Merchandise","JAGNA KOWALSKA","XXXX-XXXXXX-99999","Mail Order","06/27/07","July","MOVIELINK MOVIE 06013102648928          CA",3.95,
"Merchandise","JAGNA KOWALSKA","XXXX-XXXXXX-99999","Mail Order","09/28/07","October","MOVIELINK MOVIE 06013102648928          CA",8.98,
"Merchandise","JAGNA KOWALSKA","XXXX-XXXXXX-99999","Mail Order","11/20/07","November","PROFESSIONAL SKI INSLAKEWOOD            CO",79.5,
"Merchandise","JAN KOWALSKI","XXXX-XXXXXX-99999","Retail","01/11/07","January","THE START HOUSE 0072TRUCKEE             CA",32.37,
"Merchandise","JAN KOWALSKI","XXXX-XXXXXX-99999","Retail","01/12/07","January","ARTECH              ENFIELD           NH",24.0,
"Merchandise","JAN KOWALSKI","XXXX-XXXXXX-99999","Retail","01/13/07","January","THE START HOUSE 0072TRUCKEE             CA",32.37,
"Merchandise","JAN KOWALSKI","XXXX-XXXXXX-99999","Retail","01/27/07","February","KIRKWOOD EVENTS     KIRKWOOD          CA",39.0,
"Merchandise","JAN KOWALSKI","XXXX-XXXXXX-99999","Retail","01/28/07","February","KIRKWOOD EVENTS     KIRKWOOD          CA",39.0,
"Merchandise","JAN KOWALSKI","XXXX-XXXXXX-99999","Retail","01/28/07","February","KIRKWOOD MONTE WOLFEKIRKWOOD          CA",6.89,
"Merchandise","JAN KOWALSKI","XXXX-XXXXXX-99999","Retail","01/28/07","February","KIRKWOOD MONTE WOLFEKIRKWOOD          CA",11.58,
"Merchandise","JAN KOWALSKI","XXXX-XXXXXX-99999","Retail","01/30/07","February","THE START HOUSE 0072TRUCKEE             CA",42.07,
"Merchandise","JAN KOWALSKI","XXXX-XXXXXX-99999","Retail","02/17/07","February","ALPINE MEADOWS      TAHOE CITY          CA",82.0,
"Merchandise","JAN KOWALSKI","XXXX-XXXXXX-99999","Retail","02/18/07","February","ALPINE MEADOWS      TAHOE CITY          CA",5.31,
"Merchandise","JAN KOWALSKI","XXXX-XXXXXX-99999","Retail","02/19/07","February","THE START HOUSE 0072TRUCKEE             CA",17.26,
"Merchandise","JAN KOWALSKI","XXXX-XXXXXX-99999","Retail","02/21/07","February","ARTECH ARTECH       ENFIELD             NH",237.0,
"Merchandise","JAN KOWALSKI","XXXX-XXXXXX-99999","Retail","02/23/07","February","THE START HOUSE 0072TRUCKEE             CA",161.82,
"Merchandise","JAN KOWALSKI","XXXX-XXXXXX-99999","Retail","03/31/07","April","ALPENGLOW SPORTS 000TAHOE CITY          CA",13.94,
"Merchandise","JAN KOWALSKI","XXXX-XXXXXX-99999","Retail","04/01/07","April","THE START HOUSE 0072TRUCKEE             CA",10.79,
"Merchandise","JAN KOWALSKI","XXXX-XXXXXX-99999","Retail","04/08/07","April","ALPINE MEADOWS      TAHOE CITY          CA",,55.0
"Merchandise","JAN KOWALSKI","XXXX-XXXXXX-99999","Retail","04/08/07","April","ALPINE MEADOWS      TAHOE CITY          CA",55.0,
"Merchandise","JAN KOWALSKI","XXXX-XXXXXX-99999","Retail","05/01/07","May","THE SPORTS AUTH #569RENO            NV",113.81,
"Merchandise","JAN KOWALSKI","XXXX-XXXXXX-99999","Retail","05/12/07","May","THE START HOUSE 0072TRUCKEE             CA",20.0,
"Merchandise","JAN KOWALSKI","XXXX-XXXXXX-99999","Retail","06/18/07","June","VILLAGE ACE HARDWAREINCLINE VILLAG    NV",28.96,
"Merchandise","JAN KOWALSKI","XXXX-XXXXXX-99999","Retail","06/20/07","June","VILLAGE ACE HARDWAREINCLINE VILLAG    NV",16.1,
"Merchandise","JAN KOWALSKI","XXXX-XXXXXX-99999","Retail","06/23/07","June","PORTERS SKI AND SPORTAHOE CITY          CA",102.96,
"Merchandise","JAN KOWALSKI","XXXX-XXXXXX-99999","Retail","07/05/07","July","BACKYARD BOATS WOODBWOODBRIDGE        VA",61.93,
"Merchandise","JAN KOWALSKI","XXXX-XXXXXX-99999","Retail","07/14/07","July","WILSON'S EASTSIDE SPBISHOP              CA",7.49,
"Merchandise","JAN KOWALSKI","XXXX-XXXXXX-99999","Retail","07/14/07","July","WILSON'S EASTSIDE SPBISHOP              CA",45.2,
"Merchandise","JAN KOWALSKI","XXXX-XXXXXX-99999","Retail","07/27/07","August","BACKYARD BOATS WOODBWOODBRIDGE        VA",166.48,
"Merchandise","JAN KOWALSKI","XXXX-XXXXXX-99999","Retail","07/31/07","August","ALPENGLOW SPORTS 000TAHOE CITY          CA",8.85,
"Merchandise","JAN KOWALSKI","XXXX-XXXXXX-99999","Retail","07/31/07","August","VILLAGE SKI LOFT 000INCLINE VILLA       NV",16.05,
"Merchandise","JAN KOWALSKI","XXXX-XXXXXX-99999","Retail","07/31/07","August","VILLAGE SKI LOFT 000INCLINE VILLA       NV",46.17,
"Merchandise","JAN KOWALSKI","XXXX-XXXXXX-99999","Retail","08/06/07","August","VILLAGE SKI LOFT 000INCLINE VILLA       NV",6.43,
"Merchandise","JAN KOWALSKI","XXXX-XXXXXX-99999","Retail","08/08/07","August","BACKYARD BOATS WOODBWOODBRIDGE        VA",,16.98
"Merchandise","JAN KOWALSKI","XXXX-XXXXXX-99999","Retail","08/15/07","August","VILLAGE ACE HARDWAREINCLINE VILLAG    NV",3.75,
"Merchandise","JAN KOWALSKI","XXXX-XXXXXX-99999","Retail","08/16/07","August","VILLAGE ACE HARDWAREINCLINE VILLAG    NV",19.82,
"Merchandise","JAN KOWALSKI","XXXX-XXXXXX-99999","Retail","08/22/07","August","MOUNTAIN DESIGNS MELBOURNE VIC",47.97,
"Merchandise","JAN KOWALSKI","XXXX-XXXXXX-99999","Retail","08/22/07","August","NEWSLINK SYD INTL AIRSIDE PIER C (S15)",13.36,
"Merchandise","JAN KOWALSKI","XXXX-XXXXXX-99999","Retail","08/23/07","August","MELB EUREKA TOWER OBSERVATION DECK",27.17,
"Merchandise","JAN KOWALSKI","XXXX-XXXXXX-99999","Retail","08/27/07","September","MOUNTAIN CREEK WHOLEFOODS P/L GRIFFITH A",67.73,
"Merchandise","JAN KOWALSKI","XXXX-XXXXXX-99999","Retail","08/27/07","September","MOUNTAIN DESIGNS            BRADDON ACT",32.67,
"Merchandise","JAN KOWALSKI","XXXX-XXXXXX-99999","Retail","09/01/07","September","FEATHERDALE WILDLIFE PARK DOONSIDE NSW",32.61,
"Merchandise","JAN KOWALSKI","XXXX-XXXXXX-99999","Retail","09/03/07","September","DIRTCHEAP CD'S SYDNEY NSW",42.09,
"Merchandise","JAN KOWALSKI","XXXX-XXXXXX-99999","Retail","09/16/07","September","MAMMOTH MOUNTAINEERIMAMMOTH LAKE        CA",18.18,
"Merchandise","JAN KOWALSKI","XXXX-XXXXXX-99999","Retail","10/07/07","October","PLANET M MUMBAI INDIA",17.01,
"Merchandise","JAN KOWALSKI","XXXX-XXXXXX-99999","Retail","11/12/07","November","START HAUS          TRUCKEE             CA",30.0,
"Merchandise","JAN KOWALSKI","XXXX-XXXXXX-99999","Retail","11/15/07","November","VILLAGE ACE HARDWAREINCLINE VILLAG      NV",15.54,
"Merchandise","JAN KOWALSKI","XXXX-XXXXXX-99999","Retail","11/19/07","November","THE HOME DEPOT #8560SOUTH RENO          NV",13.69,
"Merchandise","JAN KOWALSKI","XXXX-XXXXXX-99999","Retail","11/22/07","November","FREEHEEL & WHEEL FREWEST YELLOWSTONE    MT",28.68,
"Merchandise","JAN KOWALSKI","XXXX-XXXXXX-99999","Retail","12/19/07","December","IVGID FOOD & BEVERAGINCLINE VILLA       NV",11.2,
"Merchandise","JAN KOWALSKI","XXXX-XXXXXX-99999","Retail","12/20/07","December","ARTECH              ENFIELD             NH",822.25,
"Merchandise","JAN KOWALSKI","XXXX-XXXXXX-99999","Retail","12/22/07","December","ALPENGLOW SPORTS    TAHOE CITY          CA",136.74,
"Merchandise","JAN KOWALSKI","XXXX-XXXXXX-99999","Retail","12/23/07","December","7-ELEVEN 14077 00071TAHOE CITY          CA",3.74,
"Merchandise","JAN KOWALSKI","XXXX-XXXXXX-99999","Retail","12/28/07","January","START HAUS          TRUCKEE             CA",60.0,
"Merchandise","JAN KOWALSKI","XXXX-XXXXXX-99999","Retail","12/31/07","January","VILLAGE ACE HARDWAREINCLINE VILLAG      NV",27.66,
"Merchandise","JAGNA KOWALSKA","XXXX-XXXXXX-99999","Retail","01/03/07","January","RAINBOW PRINTING 180INCLINE VILLAGE     NV",11.27,
"Merchandise","JAGNA KOWALSKA","XXXX-XXXXXX-99999","Retail","01/09/07","January","IVGID FOOD & BEVERAGINCLINE VILLA       NV",3.5,
"Merchandise","JAGNA KOWALSKA","XXXX-XXXXXX-99999","Retail","01/11/07","January","IVGID FOOD & BEVERAGINCLINE VILLA       NV",3.5,
"Merchandise","JAGNA KOWALSKA","XXXX-XXXXXX-99999","Retail","01/16/07","January","RAINBOW PRINTING 180INCLINE VILLAGE     NV",2.67,
"Merchandise","JAGNA KOWALSKA","XXXX-XXXXXX-99999","Retail","01/19/07","January","IVGID FOOD & BEVERAGINCLINE VILLA       NV",1.5,
"Merchandise","JAGNA KOWALSKA","XXXX-XXXXXX-99999","Retail","01/22/07","January","IVGID FOOD & BEVERAGINCLINE VILLA       NV",2.25,
"Merchandise","JAGNA KOWALSKA","XXXX-XXXXXX-99999","Retail","01/27/07","February","KIRKWOOD MONTE WOLFEKIRKWOOD          CA",6.89,
"Merchandise","JAGNA KOWALSKA","XXXX-XXXXXX-99999","Retail","01/28/07","February","IVGID FOOD & BEVERAGINCLINE VILLA       NV",3.5,
"Merchandise","JAGNA KOWALSKA","XXXX-XXXXXX-99999","Retail","01/29/07","February","IVGID FOOD & BEVERAGINCLINE VILLA       NV",4.0,
"Merchandise","JAGNA KOWALSKA","XXXX-XXXXXX-99999","Retail","01/30/07","February","IVGID FOOD & BEVERAGINCLINE VILLA       NV",3.5,
"Merchandise","JAGNA KOWALSKA","XXXX-XXXXXX-99999","Retail","02/04/07","February","IVGID FOOD & BEVERAGINCLINE VILLA       NV",3.5,
"Merchandise","JAGNA KOWALSKA","XXXX-XXXXXX-99999","Retail","02/08/07","February","IVGID FOOD & BEVERAGINCLINE VILLA       NV",3.5,
"Merchandise","JAGNA KOWALSKA","XXXX-XXXXXX-99999","Retail","02/15/07","February","IVGID FOOD & BEVERAGINCLINE VILLA       NV",5.0,
"Merchandise","JAGNA KOWALSKA","XXXX-XXXXXX-99999","Retail","02/21/07","February","IVGID FOOD & BEVERAGINCLINE VILLA       NV",2.25,
"Merchandise","JAGNA KOWALSKA","XXXX-XXXXXX-99999","Retail","02/25/07","March","IVGID FOOD & BEVERAGINCLINE VILLA       NV",3.5,
"Merchandise","JAGNA KOWALSKA","XXXX-XXXXXX-99999","Retail","03/01/07","March","SUPERCNTR 2189      RENO              NV",115.15,
"Merchandise","JAGNA KOWALSKA","XXXX-XXXXXX-99999","Retail","03/08/07","March","IVGID FOOD & BEVERAGINCLINE VILLA       NV",5.25,
"Merchandise","JAGNA KOWALSKA","XXXX-XXXXXX-99999","Retail","03/18/07","March","IVGID FOOD & BEVERAGUS                  NV",3.5,
"Merchandise","JAGNA KOWALSKA","XXXX-XXXXXX-99999","Retail","03/19/07","March","IVGID FOOD & BEVERAGUS                  NV",3.5,
"Merchandise","JAGNA KOWALSKA","XXXX-XXXXXX-99999","Retail","03/20/07","March","SUPERCNTR 2189      RENO              NV",71.74,
"Merchandise","JAGNA KOWALSKA","XXXX-XXXXXX-99999","Retail","03/22/07","March","IVGID FOOD & BEVERAGINCLINE VILLA       NV",2.75,
"Merchandise","JAGNA KOWALSKA","XXXX-XXXXXX-99999","Retail","03/23/07","March","IVGID FOOD & BEVERAGINCLINE VILLA       NV",5.5,
"Merchandise","JAGNA KOWALSKA","XXXX-XXXXXX-99999","Retail","03/25/07","April","IVGID FOOD & BEVERAGINCLINE VILLA       NV",5.5,
"Merchandise","JAGNA KOWALSKA","XXXX-XXXXXX-99999","Retail","03/26/07","April","IVGID FOOD & BEVERAGINCLINE VILLA       NV",2.75,
"Merchandise","JAGNA KOWALSKA","XXXX-XXXXXX-99999","Retail","03/31/07","April","IVGID FOOD & BEVERAGINCLINE VILLA       NV",3.0,
"Merchandise","JAGNA KOWALSKA","XXXX-XXXXXX-99999","Retail","04/02/07","April","SUPERCNTR 1648      CARSON CITY       NV",20.24,
"Merchandise","JAGNA KOWALSKA","XXXX-XXXXXX-99999","Retail","04/06/07","April","STAPLES             SOUTH LAKE TAHOE  CA",26.17,
"Merchandise","JAGNA KOWALSKA","XXXX-XXXXXX-99999","Retail","04/07/07","April","IVGID FOOD & BEVERAGINCLINE VILLA       NV",3.5,
"Merchandise","JAGNA KOWALSKA","XXXX-XXXXXX-99999","Retail","05/04/07","May","SEPHORA - MEADOWOOD RENO                NV",34.36,
"Merchandise","JAGNA KOWALSKA","XXXX-XXXXXX-99999","Retail","05/04/07","May","THE SPORTS AUTH #569RENO            NV",91.26,
"Merchandise","JAGNA KOWALSKA","XXXX-XXXXXX-99999","Retail","05/16/07","May","MACY'S 23 RENO      RENO              NV",85.9,
"Merchandise","JAGNA KOWALSKA","XXXX-XXXXXX-99999","Retail","05/16/07","May","WEST MARINE 01219 01RENO                NV",26.83,
"Merchandise","JAGNA KOWALSKA","XXXX-XXXXXX-99999","Retail","06/29/07","July","VILLAGE ACE HARDWAREINCLINE VILLAG    NV",13.94,
"Merchandise","JAGNA KOWALSKA","XXXX-XXXXXX-99999","Retail","07/24/07","August","VILLAGE ACE HARDWAREINCLINE VILLAG    NV",5.35,
"Merchandise","JAGNA KOWALSKA","XXXX-XXXXXX-99999","Retail","08/02/07","August","VILLAGE ACE HARDWAREINCLINE VILLAG    NV",21.45,
"Merchandise","JAGNA KOWALSKA","XXXX-XXXXXX-99999","Retail","08/13/07","August","ROSS DRESS FOR LESS RENO              NV",79.92,
"Merchandise","JAGNA KOWALSKA","XXXX-XXXXXX-99999","Retail","08/17/07","August","VILLAGE ACE HARDWAREINCLINE VILLAG    NV",5.72,
"Merchandise","JAGNA KOWALSKA","XXXX-XXXXXX-99999","Retail","09/20/07","September","K MART 9153 KMART #0S LAKE TAHOE        CA",41.54,
"Merchandise","JAGNA KOWALSKA","XXXX-XXXXXX-99999","Retail","09/21/07","September","VILLAGE ACE HARDWAREINCLINE VILLAG      NV",5.67,
"Merchandise","JAGNA KOWALSKA","XXXX-XXXXXX-99999","Retail","09/27/07","October","VILLAGE ACE HARDWAREINCLINE VILLAG      NV",12.87,
"Merchandise","JAGNA KOWALSKA","XXXX-XXXXXX-99999","Retail","11/09/07","November","BED BATH & BEYOND 20RENO                NV",96.63,
"Merchandise","JAGNA KOWALSKA","XXXX-XXXXXX-99999","Retail","12/05/07","December","START HAUS          TRUCKEE             CA",20.49,
"Merchandise","JAGNA KOWALSKA","XXXX-XXXXXX-99999","Retail","12/06/07","December","START HAUS          TRUCKEE             CA",175.0,
"Merchandise","JAGNA KOWALSKA","XXXX-XXXXXX-99999","Retail","12/07/07","December","WAL-MART  2189      RENO              NV",31.35,
"Merchandise","JAGNA KOWALSKA","XXXX-XXXXXX-99999","Retail","12/18/07","December","START HAUS          TRUCKEE             CA",15.11,
"Merchandise","JAN KOWALSKI","XXXX-XXXXXX-99999","Super Markets","01/10/07","January","RALEYS #113         INCLINE           NV",28.96,
"Merchandise","JAN KOWALSKI","XXXX-XXXXXX-99999","Super Markets","01/17/07","January","0133 WILD OATS      RENO              NV",87.01,
"Merchandise","JAN KOWALSKI","XXXX-XXXXXX-99999","Super Markets","01/22/07","January","0133 WILD OATS      RENO              NV",62.0,
"Merchandise","JAN KOWALSKI","XXXX-XXXXXX-99999","Super Markets","01/29/07","February","RALEY'S FOODS 113 00INCLINE VLG         NV",9.26,
"Merchandise","JAN KOWALSKI","XXXX-XXXXXX-99999","Super Markets","01/29/07","February","RALEY'S FOODS 113 00INCLINE VLG         NV",26.13,
"Merchandise","JAN KOWALSKI","XXXX-XXXXXX-99999","Super Markets","01/29/07","February","RALEY'S FOODS 113 00INCLINE VLG         NV",169.49,
"Merchandise","JAN KOWALSKI","XXXX-XXXXXX-99999","Super Markets","02/03/07","February","VONS     Store  2400MAMMOTH LAKES     CA",14.81,
"Merchandise","JAN KOWALSKI","XXXX-XXXXXX-99999","Super Markets","02/14/07","February","RALEYS #113 00000000INCLINE             NV",26.83,
"Merchandise","JAN KOWALSKI","XXXX-XXXXXX-99999","Super Markets","04/24/07","May","0133 WILD OATS      RENO              NV",151.35,
"Merchandise","JAN KOWALSKI","XXXX-XXXXXX-99999","Super Markets","05/01/07","May","0133 WILD OATS      RENO              NV",12.85,
"Merchandise","JAN KOWALSKI","XXXX-XXXXXX-99999","Super Markets","05/01/07","May","0133 WILD OATS      RENO              NV",22.08,
"Merchandise","JAN KOWALSKI","XXXX-XXXXXX-99999","Super Markets","05/08/07","May","RALEYS #113 00000000INCLINE             NV",102.19,
"Merchandise","JAN KOWALSKI","XXXX-XXXXXX-99999","Super Markets","05/11/07","May","RALEYS #113 00000000INCLINE             NV",35.48,
"Merchandise","JAN KOWALSKI","XXXX-XXXXXX-99999","Super Markets","05/12/07","May","SAFEWAY  STORE  1266TRUCKEE           CA",7.23,
"Merchandise","JAN KOWALSKI","XXXX-XXXXXX-99999","Super Markets","06/17/07","June","WHOLEFDS SMT 10150 SSAN MATEO           CA",252.94,
"Merchandise","JAN KOWALSKI","XXXX-XXXXXX-99999","Super Markets","06/23/07","June","NEW MOON NATURAL FOOTAHOE CITY          CA",26.99,
"Merchandise","JAN KOWALSKI","XXXX-XXXXXX-99999","Super Markets","07/03/07","July","RALEYS #108 00000000RENO                NV",18.45,
"Merchandise","JAN KOWALSKI","XXXX-XXXXXX-99999","Super Markets","07/05/07","July","RALEYS #113 00000000INCLINE             NV",7.08,
"Merchandise","JAN KOWALSKI","XXXX-XXXXXX-99999","Super Markets","07/08/07","July","SUNSET MARKETPLACE SREDDING             CA",29.42,
"Merchandise","JAN KOWALSKI","XXXX-XXXXXX-99999","Super Markets","07/14/07","July","VONS     Store  1753BISHOP            CA",23.04,
"Merchandise","JAN KOWALSKI","XXXX-XXXXXX-99999","Super Markets","08/05/07","August","RALEYS #113 00000000INCLINE             NV",3.49,
"Merchandise","JAN KOWALSKI","XXXX-XXXXXX-99999","Super Markets","08/05/07","August","RALEYS #113 00000000INCLINE             NV",57.37,
"Merchandise","JAN KOWALSKI","XXXX-XXXXXX-99999","Super Markets","08/23/07","August","FLINDERS ORGANIC,MELBOURNE VIC",76.68,
"Merchandise","JAN KOWALSKI","XXXX-XXXXXX-99999","Super Markets","08/23/07","August","THE ORGANIC FOOD & WIN MELBOURNE VIC",46.77,
"Merchandise","JAN KOWALSKI","XXXX-XXXXXX-99999","Super Markets","08/29/07","September","BI-LO VINCENTIA 4122 VINCENTIA NSW",17.81,
"Merchandise","JAN KOWALSKI","XXXX-XXXXXX-99999","Super Markets","09/03/07","September","0133 WILD OATS      RENO              NV",40.62,
"Merchandise","JAN KOWALSKI","XXXX-XXXXXX-99999","Super Markets","09/08/07","September","RALEYS #113 00000000INCLINE             NV",21.46,
"Merchandise","JAN KOWALSKI","XXXX-XXXXXX-99999","Super Markets","09/23/07","September","0133 WILD OATS      RENO              NV",32.79,
"Merchandise","JAN KOWALSKI","XXXX-XXXXXX-99999","Super Markets","11/14/07","November","0133 WILD OATS 0133 RENO                NV",28.31,
"Merchandise","JAN KOWALSKI","XXXX-XXXXXX-99999","Super Markets","11/14/07","November","0133 WILD OATS 0133 RENO                NV",90.7,
"Merchandise","JAN KOWALSKI","XXXX-XXXXXX-99999","Super Markets","11/17/07","November","RALEYS #113 00000000INCLINE             NV",21.46,
"Merchandise","JAN KOWALSKI","XXXX-XXXXXX-99999","Super Markets","11/19/07","November","0133 WILD OATS 0133 RENO                NV",33.83,
"Merchandise","JAN KOWALSKI","XXXX-XXXXXX-99999","Super Markets","11/25/07","December","0133 WILD OATS 0133 RENO                NV",5.36,
"Merchandise","JAN KOWALSKI","XXXX-XXXXXX-99999","Super Markets","11/25/07","December","0133 WILD OATS 0133 RENO                NV",96.43,
"Merchandise","JAN KOWALSKI","XXXX-XXXXXX-99999","Super Markets","12/24/07","December","RALEYS #113 00000000INCLINE             NV",5.67,
"Merchandise","JAGNA KOWALSKA","XXXX-XXXXXX-99999","Super Markets","01/01/07","January","RALEYS #113         INCLINE           NV",76.52,
"Merchandise","JAGNA KOWALSKA","XXXX-XXXXXX-99999","Super Markets","01/03/07","January","RALEYS #113         INCLINE           NV",59.14,
"Merchandise","JAGNA KOWALSKA","XXXX-XXXXXX-99999","Super Markets","01/04/07","January","RALEYS #113         INCLINE           NV",64.06,
"Merchandise","JAGNA KOWALSKA","XXXX-XXXXXX-99999","Super Markets","01/06/07","January","RALEYS #113         INCLINE           NV",98.85,
"Merchandise","JAGNA KOWALSKA","XXXX-XXXXXX-99999","Super Markets","01/09/07","January","RALEYS #113         INCLINE           NV",92.88,
"Merchandise","JAGNA KOWALSKA","XXXX-XXXXXX-99999","Super Markets","01/11/07","January","RALEYS #113         INCLINE           NV",85.07,
"Merchandise","JAGNA KOWALSKA","XXXX-XXXXXX-99999","Super Markets","01/12/07","January","RALEYS #113         INCLINE           NV",6.56,
"Merchandise","JAGNA KOWALSKA","XXXX-XXXXXX-99999","Super Markets","01/13/07","January","RALEYS #113         INCLINE           NV",58.41,
"Merchandise","JAGNA KOWALSKA","XXXX-XXXXXX-99999","Super Markets","01/15/07","January","RALEYS #113         INCLINE           NV",85.98,
"Merchandise","JAGNA KOWALSKA","XXXX-XXXXXX-99999","Super Markets","01/16/07","January","RALEYS #113         INCLINE           NV",29.1,
"Merchandise","JAGNA KOWALSKA","XXXX-XXXXXX-99999","Super Markets","01/19/07","January","RALEYS #113         INCLINE           NV",115.24,
"Merchandise","JAGNA KOWALSKA","XXXX-XXXXXX-99999","Super Markets","01/24/07","February","RALEY'S FOODS 113 00INCLINE VLG         NV",63.56,
"Merchandise","JAGNA KOWALSKA","XXXX-XXXXXX-99999","Super Markets","01/25/07","February","RALEY'S FOODS 113 00INCLINE VLG         NV",66.95,
"Merchandise","JAGNA KOWALSKA","XXXX-XXXXXX-99999","Super Markets","01/26/07","February","RALEY'S FOODS 113 00INCLINE VLG         NV",61.19,
"Merchandise","JAGNA KOWALSKA","XXXX-XXXXXX-99999","Super Markets","01/30/07","February","RALEY'S FOODS 113 00INCLINE VLG         NV",80.59,
"Merchandise","JAGNA KOWALSKA","XXXX-XXXXXX-99999","Super Markets","02/01/07","February","RALEY'S FOODS 113 00INCLINE VLG         NV",105.51,
"Merchandise","JAGNA KOWALSKA","XXXX-XXXXXX-99999","Super Markets","02/02/07","February","0133 WILD OATS      RENO              NV",54.81,
"Merchandise","JAGNA KOWALSKA","XXXX-XXXXXX-99999","Super Markets","02/03/07","February","RALEY'S FOODS 113 00INCLINE VLG         NV",44.55,
"Merchandise","JAGNA KOWALSKA","XXXX-XXXXXX-99999","Super Markets","02/04/07","February","RALEY'S FOODS 113 00INCLINE VLG         NV",45.25,
"Merchandise","JAGNA KOWALSKA","XXXX-XXXXXX-99999","Super Markets","02/06/07","February","RALEY'S FOODS 113 00INCLINE VLG         NV",107.65,
"Merchandise","JAGNA KOWALSKA","XXXX-XXXXXX-99999","Super Markets","02/07/07","February","RALEY'S FOODS 113 00INCLINE VLG         NV",16.23,
"Merchandise","JAGNA KOWALSKA","XXXX-XXXXXX-99999","Super Markets","02/08/07","February","RALEY'S FOODS 113 00INCLINE VLG         NV",44.55,
"Merchandise","JAGNA KOWALSKA","XXXX-XXXXXX-99999","Super Markets","02/09/07","February","RALEY'S FOODS 113 00INCLINE VLG         NV",17.95,
"Merchandise","JAGNA KOWALSKA","XXXX-XXXXXX-99999","Super Markets","02/10/07","February","RALEY'S FOODS 113 00INCLINE VLG         NV",79.06,
"Merchandise","JAGNA KOWALSKA","XXXX-XXXXXX-99999","Super Markets","02/12/07","February","RALEY'S FOODS 113 00INCLINE VLG         NV",102.56,
"Merchandise","JAGNA KOWALSKA","XXXX-XXXXXX-99999","Super Markets","02/15/07","February","RALEYS #113 00000000INCLINE             NV",101.69,
"Merchandise","JAGNA KOWALSKA","XXXX-XXXXXX-99999","Super Markets","02/17/07","February","RALEYS #113 00000000INCLINE             NV",51.68,
"Merchandise","JAGNA KOWALSKA","XXXX-XXXXXX-99999","Super Markets","02/18/07","February","RALEYS #113 00000000INCLINE             NV",8.44,
"Merchandise","JAGNA KOWALSKA","XXXX-XXXXXX-99999","Super Markets","02/20/07","February","RALEYS #113 00000000INCLINE             NV",103.94,
"Merchandise","JAGNA KOWALSKA","XXXX-XXXXXX-99999","Super Markets","02/21/07","February","RALEYS #113 00000000INCLINE             NV",10.16,
"Merchandise","JAGNA KOWALSKA","XXXX-XXXXXX-99999","Super Markets","02/21/07","February","RALEYS #113 00000000INCLINE             NV",20.81,
"Merchandise","JAGNA KOWALSKA","XXXX-XXXXXX-99999","Super Markets","02/23/07","February","RALEYS #113 00000000INCLINE             NV",95.93,
"Merchandise","JAGNA KOWALSKA","XXXX-XXXXXX-99999","Super Markets","02/25/07","March","RALEYS #113 00000000INCLINE             NV",52.76,
"Merchandise","JAGNA KOWALSKA","XXXX-XXXXXX-99999","Super Markets","02/27/07","March","RALEYS #113 00000000INCLINE             NV",94.79,
"Merchandise","JAGNA KOWALSKA","XXXX-XXXXXX-99999","Super Markets","03/01/07","March","RALEYS #113 00000000INCLINE             NV",38.82,
"Merchandise","JAGNA KOWALSKA","XXXX-XXXXXX-99999","Super Markets","03/03/07","March","RALEYS #113 00000000INCLINE             NV",25.37,
"Merchandise","JAGNA KOWALSKA","XXXX-XXXXXX-99999","Super Markets","03/06/07","March","RALEYS #113 00000000INCLINE             NV",54.27,
"Merchandise","JAGNA KOWALSKA","XXXX-XXXXXX-99999","Super Markets","03/09/07","March","RALEYS #113 00000000INCLINE             NV",49.59,
"Merchandise","JAGNA KOWALSKA","XXXX-XXXXXX-99999","Super Markets","03/11/07","March","RALEYS #113 00000000INCLINE             NV",20.25,
"Merchandise","JAGNA KOWALSKA","XXXX-XXXXXX-99999","Super Markets","03/14/07","March","RALEYS #113 00000000INCLINE             NV",61.17,
"Merchandise","JAGNA KOWALSKA","XXXX-XXXXXX-99999","Super Markets","03/20/07","March","0133 WILD OATS      RENO              NV",51.02,
"Merchandise","JAGNA KOWALSKA","XXXX-XXXXXX-99999","Super Markets","03/26/07","April","RALEYS #113 00000000INCLINE             NV",134.19,
"Merchandise","JAGNA KOWALSKA","XXXX-XXXXXX-99999","Super Markets","03/27/07","April","RALEYS #113 00000000INCLINE             NV",30.1,
"Merchandise","JAGNA KOWALSKA","XXXX-XXXXXX-99999","Super Markets","03/28/07","April","RALEYS #113 00000000INCLINE             NV",25.81,
"Merchandise","JAGNA KOWALSKA","XXXX-XXXXXX-99999","Super Markets","03/29/07","April","RALEYS #113 00000000INCLINE             NV",66.41,
"Merchandise","JAGNA KOWALSKA","XXXX-XXXXXX-99999","Super Markets","03/30/07","April","RALEYS #113 00000000INCLINE             NV",56.78,
"Merchandise","JAGNA KOWALSKA","XXXX-XXXXXX-99999","Super Markets","04/02/07","April","RALEYS #113 00000000INCLINE             NV",13.46,
"Merchandise","JAGNA KOWALSKA","XXXX-XXXXXX-99999","Super Markets","04/04/07","April","0133 WILD OATS      RENO              NV",45.88,
"Merchandise","JAGNA KOWALSKA","XXXX-XXXXXX-99999","Super Markets","04/05/07","April","RALEYS #113 00000000INCLINE             NV",91.09,
"Merchandise","JAGNA KOWALSKA","XXXX-XXXXXX-99999","Super Markets","04/06/07","April","RALEYS #119 00000000SOUTH LAKE TAHOE    CA",20.05,
"Merchandise","JAGNA KOWALSKA","XXXX-XXXXXX-99999","Super Markets","04/07/07","April","0133 WILD OATS      RENO              NV",116.08,
"Merchandise","JAGNA KOWALSKA","XXXX-XXXXXX-99999","Super Markets","04/08/07","April","RALEYS #113 00000000INCLINE             NV",27.05,
"Merchandise","JAGNA KOWALSKA","XXXX-XXXXXX-99999","Super Markets","04/09/07","April","RALEYS #113 00000000INCLINE             NV",31.53,
"Merchandise","JAGNA KOWALSKA","XXXX-XXXXXX-99999","Super Markets","04/10/07","April","RALEYS #113 00000000INCLINE             NV",67.12,
"Merchandise","JAGNA KOWALSKA","XXXX-XXXXXX-99999","Super Markets","04/11/07","April","RALEYS #113 00000000INCLINE             NV",66.37,
"Merchandise","JAGNA KOWALSKA","XXXX-XXXXXX-99999","Super Markets","04/14/07","April","RALEYS #113 00000000INCLINE             NV",26.6,
"Merchandise","JAGNA KOWALSKA","XXXX-XXXXXX-99999","Super Markets","04/16/07","April","0133 WILD OATS      RENO              NV",32.92,
"Merchandise","JAGNA KOWALSKA","XXXX-XXXXXX-99999","Super Markets","04/16/07","April","RALEYS #113 00000000INCLINE             NV",29.31,
"Merchandise","JAGNA KOWALSKA","XXXX-XXXXXX-99999","Super Markets","04/25/07","May","RALEYS #113 00000000INCLINE             NV",53.59,
"Merchandise","JAGNA KOWALSKA","XXXX-XXXXXX-99999","Super Markets","04/27/07","May","0133 WILD OATS      RENO              NV",100.85,
"Merchandise","JAGNA KOWALSKA","XXXX-XXXXXX-99999","Super Markets","04/27/07","May","RALEYS #113 00000000INCLINE             NV",3.98,
"Merchandise","JAGNA KOWALSKA","XXXX-XXXXXX-99999","Super Markets","04/28/07","May","0133 WILD OATS      RENO              NV",58.1,
"Merchandise","JAGNA KOWALSKA","XXXX-XXXXXX-99999","Super Markets","04/30/07","May","RALEYS #113 00000000INCLINE             NV",63.91,
"Merchandise","JAGNA KOWALSKA","XXXX-XXXXXX-99999","Super Markets","05/02/07","May","RALEYS #113 00000000INCLINE             NV",11.63,
"Merchandise","JAGNA KOWALSKA","XXXX-XXXXXX-99999","Super Markets","05/03/07","May","RALEYS #113 00000000INCLINE             NV",42.3,
"Merchandise","JAGNA KOWALSKA","XXXX-XXXXXX-99999","Super Markets","05/04/07","May","0133 WILD OATS      RENO              NV",107.86,
"Merchandise","JAGNA KOWALSKA","XXXX-XXXXXX-99999","Super Markets","05/06/07","May","RALEYS #113 00000000INCLINE             NV",106.76,
"Merchandise","JAGNA KOWALSKA","XXXX-XXXXXX-99999","Super Markets","05/10/07","May","RALEYS #113 00000000INCLINE             NV",47.4,
"Merchandise","JAGNA KOWALSKA","XXXX-XXXXXX-99999","Super Markets","05/12/07","May","RALEYS #113 00000000INCLINE             NV",87.65,
"Merchandise","JAGNA KOWALSKA","XXXX-XXXXXX-99999","Super Markets","05/13/07","May","RALEYS #113 00000000INCLINE             NV",22.83,
"Merchandise","JAGNA KOWALSKA","XXXX-XXXXXX-99999","Super Markets","05/14/07","May","0133 WILD OATS      RENO              NV",39.3,
"Merchandise","JAGNA KOWALSKA","XXXX-XXXXXX-99999","Super Markets","05/16/07","May","0133 WILD OATS      RENO              NV",66.19,
"Merchandise","JAGNA KOWALSKA","XXXX-XXXXXX-99999","Super Markets","05/17/07","May","RALEYS #113 00000000INCLINE             NV",41.41,
"Merchandise","JAGNA KOWALSKA","XXXX-XXXXXX-99999","Super Markets","05/18/07","May","0133 WILD OATS      RENO              NV",11.29,
"Merchandise","JAGNA KOWALSKA","XXXX-XXXXXX-99999","Super Markets","05/18/07","May","RALEYS #113 00000000INCLINE             NV",13.91,
"Merchandise","JAGNA KOWALSKA","XXXX-XXXXXX-99999","Super Markets","06/19/07","June","RALEYS #113 00000000INCLINE             NV",53.64,
"Merchandise","JAGNA KOWALSKA","XXXX-XXXXXX-99999","Super Markets","06/21/07","June","0133 WILD OATS      RENO              NV",121.13,
"Merchandise","JAGNA KOWALSKA","XXXX-XXXXXX-99999","Super Markets","06/22/07","June","RALEYS #113 00000000INCLINE             NV",38.77,
"Merchandise","JAGNA KOWALSKA","XXXX-XXXXXX-99999","Super Markets","06/23/07","June","RALEYS #113 00000000INCLINE             NV",13.95,
"Merchandise","JAGNA KOWALSKA","XXXX-XXXXXX-99999","Super Markets","06/25/07","July","RALEYS #113 00000000INCLINE             NV",5.76,
"Merchandise","JAGNA KOWALSKA","XXXX-XXXXXX-99999","Super Markets","06/25/07","July","RALEYS #113 00000000INCLINE             NV",106.32,
"Merchandise","JAGNA KOWALSKA","XXXX-XXXXXX-99999","Super Markets","06/27/07","July","RALEYS #113 00000000INCLINE             NV",83.6,
"Merchandise","JAGNA KOWALSKA","XXXX-XXXXXX-99999","Super Markets","06/29/07","July","0133 WILD OATS      RENO              NV",96.72,
"Merchandise","JAGNA KOWALSKA","XXXX-XXXXXX-99999","Super Markets","07/01/07","July","RALEYS #113 00000000INCLINE             NV",68.17,
"Merchandise","JAGNA KOWALSKA","XXXX-XXXXXX-99999","Super Markets","07/02/07","July","RALEYS #113 00000000INCLINE             NV",3.56,
"Merchandise","JAGNA KOWALSKA","XXXX-XXXXXX-99999","Super Markets","07/03/07","July","0133 WILD OATS      RENO              NV",75.62,
"Merchandise","JAGNA KOWALSKA","XXXX-XXXXXX-99999","Super Markets","07/04/07","July","RALEYS #113 00000000INCLINE             NV",80.25,
"Merchandise","JAGNA KOWALSKA","XXXX-XXXXXX-99999","Super Markets","07/06/07","July","RALEYS #113 00000000INCLINE             NV",16.37,
"Merchandise","JAGNA KOWALSKA","XXXX-XXXXXX-99999","Super Markets","07/06/07","July","RALEYS #113 00000000INCLINE             NV",71.33,
"Merchandise","JAGNA KOWALSKA","XXXX-XXXXXX-99999","Super Markets","07/09/07","July","RALEYS #113 00000000INCLINE             NV",65.95,
"Merchandise","JAGNA KOWALSKA","XXXX-XXXXXX-99999","Super Markets","07/11/07","July","RALEYS #113 00000000INCLINE             NV",103.69,
"Merchandise","JAGNA KOWALSKA","XXXX-XXXXXX-99999","Super Markets","07/12/07","July","RALEYS #113 00000000INCLINE             NV",10.07,
"Merchandise","JAGNA KOWALSKA","XXXX-XXXXXX-99999","Super Markets","07/13/07","July","0133 WILD OATS      RENO              NV",92.74,
"Merchandise","JAGNA KOWALSKA","XXXX-XXXXXX-99999","Super Markets","07/14/07","July","RALEYS #113 00000000INCLINE             NV",49.41,
"Merchandise","JAGNA KOWALSKA","XXXX-XXXXXX-99999","Super Markets","07/16/07","July","0133 WILD OATS      RENO              NV",120.71,
"Merchandise","JAGNA KOWALSKA","XXXX-XXXXXX-99999","Super Markets","07/17/07","July","RALEYS #113 00000000INCLINE             NV",4.28,
"Merchandise","JAGNA KOWALSKA","XXXX-XXXXXX-99999","Super Markets","07/18/07","July","RALEYS #113 00000000INCLINE             NV",25.8,
"Merchandise","JAGNA KOWALSKA","XXXX-XXXXXX-99999","Super Markets","07/18/07","July","SAFEWAY  STORE  1592KINGS BEACH       CA",71.03,
"Merchandise","JAGNA KOWALSKA","XXXX-XXXXXX-99999","Super Markets","07/19/07","July","RALEYS #113 00000000INCLINE             NV",14.22,
"Merchandise","JAGNA KOWALSKA","XXXX-XXXXXX-99999","Super Markets","07/20/07","July","RALEYS #113 00000000INCLINE             NV",72.43,
"Merchandise","JAGNA KOWALSKA","XXXX-XXXXXX-99999","Super Markets","07/22/07","July","RALEYS #113 00000000INCLINE             NV",96.12,
"Merchandise","JAGNA KOWALSKA","XXXX-XXXXXX-99999","Super Markets","07/23/07","July","RALEYS #113 00000000INCLINE             NV",13.21,
"Merchandise","JAGNA KOWALSKA","XXXX-XXXXXX-99999","Super Markets","07/24/07","August","RALEYS #113 00000000INCLINE             NV",9.74,
"Merchandise","JAGNA KOWALSKA","XXXX-XXXXXX-99999","Super Markets","07/25/07","August","RALEYS #113 00000000INCLINE             NV",20.26,
"Merchandise","JAGNA KOWALSKA","XXXX-XXXXXX-99999","Super Markets","07/26/07","August","RALEYS #113 00000000INCLINE             NV",133.21,
"Merchandise","JAGNA KOWALSKA","XXXX-XXXXXX-99999","Super Markets","07/27/07","August","RALEYS #113 00000000INCLINE             NV",25.31,
"Merchandise","JAGNA KOWALSKA","XXXX-XXXXXX-99999","Super Markets","07/27/07","August","RALEYS #113 00000000INCLINE             NV",36.98,
"Merchandise","JAGNA KOWALSKA","XXXX-XXXXXX-99999","Super Markets","07/28/07","August","RALEYS #113 00000000INCLINE             NV",30.34,
"Merchandise","JAGNA KOWALSKA","XXXX-XXXXXX-99999","Super Markets","07/30/07","August","0133 WILD OATS      RENO              NV",89.69,
"Merchandise","JAGNA KOWALSKA","XXXX-XXXXXX-99999","Super Markets","07/31/07","August","RALEYS #113 00000000INCLINE             NV",90.66,
"Merchandise","JAGNA KOWALSKA","XXXX-XXXXXX-99999","Super Markets","08/02/07","August","RALEYS #113 00000000INCLINE             NV",75.98,
"Merchandise","JAGNA KOWALSKA","XXXX-XXXXXX-99999","Super Markets","08/03/07","August","RALEYS #113 00000000INCLINE             NV",8.86,
"Merchandise","JAGNA KOWALSKA","XXXX-XXXXXX-99999","Super Markets","08/07/07","August","0133 WILD OATS      RENO              NV",147.74,
"Merchandise","JAGNA KOWALSKA","XXXX-XXXXXX-99999","Super Markets","08/07/07","August","RALEYS #113 00000000INCLINE             NV",49.94,
"Merchandise","JAGNA KOWALSKA","XXXX-XXXXXX-99999","Super Markets","08/08/07","August","RALEYS #113 00000000INCLINE             NV",116.19,
"Merchandise","JAGNA KOWALSKA","XXXX-XXXXXX-99999","Super Markets","08/10/07","August","RALEYS #113 00000000INCLINE             NV",75.1,
"Merchandise","JAGNA KOWALSKA","XXXX-XXXXXX-99999","Super Markets","08/13/07","August","RALEYS #113 00000000INCLINE             NV",68.36,
"Merchandise","JAGNA KOWALSKA","XXXX-XXXXXX-99999","Super Markets","08/14/07","August","RALEYS #113 00000000INCLINE             NV",131.09,
"Merchandise","JAGNA KOWALSKA","XXXX-XXXXXX-99999","Super Markets","08/16/07","August","RALEYS #113 00000000INCLINE             NV",69.6,
"Merchandise","JAGNA KOWALSKA","XXXX-XXXXXX-99999","Super Markets","08/17/07","August","RALEYS #113 00000000INCLINE             NV",18.43,
"Merchandise","JAGNA KOWALSKA","XXXX-XXXXXX-99999","Super Markets","08/18/07","August","RALEYS #113 00000000INCLINE             NV",37.24,
"Merchandise","JAGNA KOWALSKA","XXXX-XXXXXX-99999","Super Markets","08/19/07","August","RALEYS #113 00000000INCLINE             NV",25.13,
"Merchandise","JAGNA KOWALSKA","XXXX-XXXXXX-99999","Super Markets","09/03/07","September","RALEYS #113 00000000INCLINE             NV",83.36,
"Merchandise","JAGNA KOWALSKA","XXXX-XXXXXX-99999","Super Markets","09/04/07","September","RALEYS #113 00000000INCLINE             NV",31.81,
"Merchandise","JAGNA KOWALSKA","XXXX-XXXXXX-99999","Super Markets","09/05/07","September","0133 WILD OATS      RENO              NV",39.41,
"Merchandise","JAGNA KOWALSKA","XXXX-XXXXXX-99999","Super Markets","09/05/07","September","RALEYS #113 00000000INCLINE             NV",136.16,
"Merchandise","JAGNA KOWALSKA","XXXX-XXXXXX-99999","Super Markets","09/07/07","September","RALEYS #113 00000000INCLINE             NV",123.79,
"Merchandise","JAGNA KOWALSKA","XXXX-XXXXXX-99999","Super Markets","09/07/07","September","RALEYS #113 00000000INCLINE             NV",196.75,
"Merchandise","JAGNA KOWALSKA","XXXX-XXXXXX-99999","Super Markets","09/11/07","September","RALEYS #113 00000000INCLINE             NV",71.1,
"Merchandise","JAGNA KOWALSKA","XXXX-XXXXXX-99999","Super Markets","09/13/07","September","RALEYS #113 00000000INCLINE             NV",85.24,
"Merchandise","JAGNA KOWALSKA","XXXX-XXXXXX-99999","Super Markets","09/14/07","September","0133 WILD OATS      RENO              NV",106.93,
"Merchandise","JAGNA KOWALSKA","XXXX-XXXXXX-99999","Super Markets","09/17/07","September","RALEYS #113 00000000INCLINE             NV",103.65,
"Merchandise","JAGNA KOWALSKA","XXXX-XXXXXX-99999","Super Markets","09/18/07","September","0133 WILD OATS      RENO              NV",58.26,
"Merchandise","JAGNA KOWALSKA","XXXX-XXXXXX-99999","Super Markets","09/19/07","September","RALEYS #113 00000000INCLINE             NV",42.68,
"Merchandise","JAGNA KOWALSKA","XXXX-XXXXXX-99999","Super Markets","09/21/07","September","RALEYS #113 00000000INCLINE             NV",67.08,
"Merchandise","JAGNA KOWALSKA","XXXX-XXXXXX-99999","Super Markets","09/22/07","September","0133 WILD OATS      RENO              NV",35.18,
"Merchandise","JAGNA KOWALSKA","XXXX-XXXXXX-99999","Super Markets","09/23/07","September","RALEYS #113 00000000INCLINE             NV",58.87,
"Merchandise","JAGNA KOWALSKA","XXXX-XXXXXX-99999","Super Markets","09/24/07","September","RALEYS #113 00000000INCLINE             NV",15.48,
"Merchandise","JAGNA KOWALSKA","XXXX-XXXXXX-99999","Super Markets","09/26/07","October","RALEYS #113 00000000INCLINE             NV",5.53,
"Merchandise","JAGNA KOWALSKA","XXXX-XXXXXX-99999","Super Markets","09/26/07","October","RALEYS #113 00000000INCLINE             NV",30.17,
"Merchandise","JAGNA KOWALSKA","XXXX-XXXXXX-99999","Super Markets","09/27/07","October","RALEYS #113 00000000INCLINE             NV",26.09,
"Merchandise","JAGNA KOWALSKA","XXXX-XXXXXX-99999","Super Markets","09/29/07","October","EDEKA MARKT 2,MUENCHEN",10.03,
"Merchandise","JAGNA KOWALSKA","XXXX-XXXXXX-99999","Super Markets","11/06/07","November","RALEYS #113 00000000INCLINE             NV",96.58,
"Merchandise","JAGNA KOWALSKA","XXXX-XXXXXX-99999","Super Markets","11/09/07","November","0133 WILD OATS 0133 RENO                NV",115.04,
"Merchandise","JAGNA KOWALSKA","XXXX-XXXXXX-99999","Super Markets","11/09/07","November","RALEYS #113 00000000INCLINE             NV",49.01,
"Merchandise","JAGNA KOWALSKA","XXXX-XXXXXX-99999","Super Markets","11/12/07","November","RALEYS #113 00000000INCLINE             NV",96.97,
"Merchandise","JAGNA KOWALSKA","XXXX-XXXXXX-99999","Super Markets","11/13/07","November","RALEYS #113 00000000INCLINE             NV",5.89,
"Merchandise","JAGNA KOWALSKA","XXXX-XXXXXX-99999","Super Markets","11/16/07","November","RALEYS #113 00000000INCLINE             NV",10.29,
"Merchandise","JAGNA KOWALSKA","XXXX-XXXXXX-99999","Super Markets","11/16/07","November","RALEYS #113 00000000INCLINE             NV",125.97,
"Merchandise","JAGNA KOWALSKA","XXXX-XXXXXX-99999","Super Markets","11/18/07","November","RALEYS #113 00000000INCLINE             NV",28.36,
"Merchandise","JAGNA KOWALSKA","XXXX-XXXXXX-99999","Super Markets","11/19/07","November","RALEYS #113 00000000INCLINE             NV",43.39,
"Merchandise","JAGNA KOWALSKA","XXXX-XXXXXX-99999","Super Markets","11/20/07","November","RALEYS #113 00000000INCLINE             NV",45.13,
"Merchandise","JAGNA KOWALSKA","XXXX-XXXXXX-99999","Super Markets","11/26/07","December","RALEYS #113 00000000INCLINE             NV",131.19,
"Merchandise","JAGNA KOWALSKA","XXXX-XXXXXX-99999","Super Markets","12/07/07","December","RALEYS #113 00000000INCLINE             NV",85.53,
"Merchandise","JAGNA KOWALSKA","XXXX-XXXXXX-99999","Super Markets","12/14/07","December","RALEYS #113 00000000INCLINE             NV",67.69,
"Merchandise","JAGNA KOWALSKA","XXXX-XXXXXX-99999","Super Markets","12/18/07","December","RALEYS #113 00000000INCLINE             NV",143.27,
"Merchandise","JAGNA KOWALSKA","XXXX-XXXXXX-99999","Super Markets","12/20/07","December","RALEYS #113 00000000INCLINE             NV",136.88,
"Merchandise","JAGNA KOWALSKA","XXXX-XXXXXX-99999","Super Markets","12/23/07","December","RALEYS #113 00000000INCLINE             NV",170.14,
"Merchandise","JAGNA KOWALSKA","XXXX-XXXXXX-99999","Super Markets","12/26/07","January","RALEYS #113 00000000INCLINE             NV",170.43,
"Merchandise","JAGNA KOWALSKA","XXXX-XXXXXX-99999","Super Markets","12/27/07","January","RALEYS #113 00000000INCLINE             NV",22.08,
"Merchandise","JAGNA KOWALSKA","XXXX-XXXXXX-99999","Super Markets","12/28/07","January","RALEYS #113 00000000INCLINE             NV",109.51,

