"Category","Card Member","Account Number","Sub-Category","Date","Month Billed","Transaction","Charges $","Credits $"
"Auto","JAN KOWALSKI","XXXX-XXXXXX-99999","Gas","01/06/07","January","NORTH TAHOE STATION KINGS BEACH       CA",4.5,
"Auto","JAN KOWALSKI","XXXX-XXXXXX-99999","Gas","01/06/07","January","NORTH TAHOE STATION KINGS BEACH       CA",35.43,
"Auto","JAN KOWALSKI","XXXX-XXXXXX-99999","Gas","01/11/07","February","CHEVRON 0301290     INCLINE VILLAGE   NV",37.32,
"Auto","JAN KOWALSKI","XXXX-XXXXXX-99999","Gas","01/18/07","February","UNION 76            TRUCKEE           CA",38.47,
"Auto","JAN KOWALSKI","XXXX-XXXXXX-99999","Gas","01/25/07","February","NORTH TAHOE STATION KINGS BEACH         CA",36.9,
"Auto","JAN KOWALSKI","XXXX-XXXXXX-99999","Gas","01/29/07","February","NORTH TAHOE STATION KINGS BEACH         CA",35.7,
"Auto","JAN KOWALSKI","XXXX-XXXXXX-99999","Gas","02/13/07","March","SHELL OIL           TRUCKEE           CA",40.2,
"Auto","JAN KOWALSKI","XXXX-XXXXXX-99999","Gas","02/19/07","March","SHELL OIL           TRUCKEE           CA",5.38,
"Auto","JAN KOWALSKI","XXXX-XXXXXX-99999","Gas","02/19/07","March","SHELL OIL           TRUCKEE           CA",38.59,
"Auto","JAN KOWALSKI","XXXX-XXXXXX-99999","Gas","02/24/07","March","SHELL OIL           TRUCKEE           CA",41.54,
"Auto","JAN KOWALSKI","XXXX-XXXXXX-99999","Gas","04/07/07","April","SHELL OIL           TRUCKEE           CA",49.63,
"Auto","JAN KOWALSKI","XXXX-XXXXXX-99999","Gas","04/14/07","May","CHEVRON 0301508     KINGS BEACH       CA",51.46,
"Auto","JAN KOWALSKI","XXXX-XXXXXX-99999","Gas","04/28/07","May","UNION 76            INCLINE VILLAGE   NV",49.31,
"Auto","JAN KOWALSKI","XXXX-XXXXXX-99999","Gas","05/05/07","May","CHEVRON 0202365     RENO              NV",51.83,
"Auto","JAN KOWALSKI","XXXX-XXXXXX-99999","Gas","05/18/07","June","SHELL OIL           SO SAN FRANCISCO  CA",33.65,
"Auto","JAN KOWALSKI","XXXX-XXXXXX-99999","Gas","06/17/07","July","UNION 76            TRUCKEE           CA",25.82,
"Auto","JAN KOWALSKI","XXXX-XXXXXX-99999","Gas","06/17/07","July","UNION 76            TRUCKEE           CA",28.03,
"Auto","JAN KOWALSKI","XXXX-XXXXXX-99999","Gas","06/24/07","July","CHEVRON 0090071     TAHOE CITY        CA",50.74,
"Auto","JAN KOWALSKI","XXXX-XXXXXX-99999","Gas","07/06/07","July","SHELL OIL           SUSANVILLE        CA",51.92,
"Auto","JAN KOWALSKI","XXXX-XXXXXX-99999","Gas","07/08/07","August","CHEVRON 0096870     CHICO             CA",47.61,
"Auto","JAN KOWALSKI","XXXX-XXXXXX-99999","Gas","07/08/07","August","TEXACO 0306411      GRANTS PASS       OR",41.72,
"Auto","JAN KOWALSKI","XXXX-XXXXXX-99999","Gas","07/15/07","August","SHELL OIL           BISHOP            CA",48.8,
"Auto","JAN KOWALSKI","XXXX-XXXXXX-99999","Gas","07/21/07","August","CHEVRON 0301508     KINGS BEACH       CA",51.35,
"Auto","JAN KOWALSKI","XXXX-XXXXXX-99999","Gas","07/26/07","August","CHEVRON 0301290     INCLINE VILLAGE   NV",51.05,
"Auto","JAN KOWALSKI","XXXX-XXXXXX-99999","Gas","07/31/07","August","CITGO 7 ELEVEN 18386INCLINE VILLAGE   NV",10.0,
"Auto","JAN KOWALSKI","XXXX-XXXXXX-99999","Gas","08/04/07","August","CHEVRON 0204464     GARDNERVILLE      NV",24.61,
"Auto","JAN KOWALSKI","XXXX-XXXXXX-99999","Gas","08/04/07","August","SHELL OIL           MINDEN            NV",33.58,
"Auto","JAN KOWALSKI","XXXX-XXXXXX-99999","Gas","08/12/07","September","CHEVRON 0204464     GARDNERVILLE      NV",37.48,
"Auto","JAN KOWALSKI","XXXX-XXXXXX-99999","Gas","08/18/07","September","ATTN AMEX ACCOUNTANTCONCORD             CA",34.74,
"Auto","JAN KOWALSKI","XXXX-XXXXXX-99999","Gas","08/19/07","September","SHELL OIL           MINDEN            NV",24.18,
"Auto","JAN KOWALSKI","XXXX-XXXXXX-99999","Gas","08/20/07","September","CHEVRON OIL 0202365 CONCORD             CA",15.04,
"Auto","JAN KOWALSKI","XXXX-XXXXXX-99999","Gas","09/03/07","September","KINGS BCH CHEVRN 030KINGS BEACH         CA",6.37,
"Auto","JAN KOWALSKI","XXXX-XXXXXX-99999","Gas","09/05/07","September","GALENA MARKET 020236RENO                NV",38.5,
"Auto","JAN KOWALSKI","XXXX-XXXXXX-99999","Gas","09/11/07","October","INCLINE VILLAGE 0301INCLINE VILLAGE     NV",48.01,
"Auto","JAN KOWALSKI","XXXX-XXXXXX-99999","Gas","09/15/07","October","SHELL OIL           MINDEN            NV",21.88,
"Auto","JAN KOWALSKI","XXXX-XXXXXX-99999","Gas","09/16/07","October","SHELL OIL           MINDEN            NV",31.0,
"Auto","JAN KOWALSKI","XXXX-XXXXXX-99999","Gas","09/29/07","October","AGIP SERVICE-STATION, MUENCHEN-FLUGHAFEN",37.12,
"Auto","JAN KOWALSKI","XXXX-XXXXXX-99999","Gas","11/13/07","December","CHEVRON KINGS BCH CHKINGS BEACH         CA",52.58,
"Auto","JAN KOWALSKI","XXXX-XXXXXX-99999","Gas","11/19/07","December","SHELL OIL           RENO              NV",51.19,
"Auto","JAN KOWALSKI","XXXX-XXXXXX-99999","Gas","11/20/07","December","CHEVRON WINNER'S CORBATTLE MOUNTAI      NV",41.92,
"Auto","JAN KOWALSKI","XXXX-XXXXXX-99999","Gas","11/20/07","December","SHELL OIL           EDEN              ID",36.77,
"Auto","JAN KOWALSKI","XXXX-XXXXXX-99999","Gas","11/25/07","December","EXXONMOBIL          IDAHO FALLS         ID",48.97,
"Auto","JAN KOWALSKI","XXXX-XXXXXX-99999","Gas","11/25/07","December","SHELL OIL           RENO              NV",48.52,
"Auto","JAN KOWALSKI","XXXX-XXXXXX-99999","Gas","11/25/07","December","SHELL OIL           WELLS             NV",45.41,
"Auto","JAN KOWALSKI","XXXX-XXXXXX-99999","Gas","12/21/07","January","CHEVRON GALENA MARKERENO                NV",49.27,
"Auto","JAN KOWALSKI","XXXX-XXXXXX-99999","Gas","12/26/07","January","CHEVRON KINGS BCH CHKINGS BEACH         CA",54.65,
"Auto","JAN KOWALSKI","XXXX-XXXXXX-99999","Auto Services","09/05/07","September","LITHIA RENO SUB LITHRENO                NV",950.28,
"Fees and Adjustments","JAN KOWALSKI","XXXX-XXXXXX-99999","Fees And Adjustments","04/02/07","April","MEM RWDS ANNUAL PROGRAM FEE",40.0,
"Fees and Adjustments","JAN KOWALSKI","XXXX-XXXXXX-99999","Fees And Adjustments","08/08/07","August","Membership Renewal Fee",55.0,
"Travel","JAN KOWALSKI","XXXX-XXXXXX-99999","Airline","01/21/07","February","UNITED AIRLINES      ROSEMONT     IL",780.54,
"Travel","JAN KOWALSKI","XXXX-XXXXXX-99999","Airline","03/01/07","March","UNITED AIRLINES      RENO         NV",254.0,
"Travel","JAN KOWALSKI","XXXX-XXXXXX-99999","Airline","03/18/07","April","UNITED AIRLINES      ROSEMONT     IL",1055.1,
"Travel","JAN KOWALSKI","XXXX-XXXXXX-99999","Airline","03/18/07","April","UNITED AIRLINES      ROSEMONT     IL",1055.1,
"Travel","JAN KOWALSKI","XXXX-XXXXXX-99999","Airline","03/31/07","April","UNITED AIRLINES      ROSEMONT     IL",679.6,
"Travel","JAN KOWALSKI","XXXX-XXXXXX-99999","Airline","05/11/07","June","DELTA AIR LINES      ATLANTA      GA",114.22,
"Travel","JAN KOWALSKI","XXXX-XXXXXX-99999","Airline","05/11/07","June","DELTA AIR LINES      ATLANTA      GA",114.22,
"Travel","JAN KOWALSKI","XXXX-XXXXXX-99999","Airline","05/12/07","June","AIR FRANCE - USA SALES3",10.0,
"Travel","JAN KOWALSKI","XXXX-XXXXXX-99999","Airline","05/12/07","June","AIR FRANCE - USA SALES3",10.0,
"Travel","JAN KOWALSKI","XXXX-XXXXXX-99999","Airline","05/12/07","June","AIR FRANCE - USA SALES3",906.98,
"Travel","JAN KOWALSKI","XXXX-XXXXXX-99999","Airline","05/12/07","June","AIR FRANCE - USA SALES3",906.98,
"Travel","JAN KOWALSKI","XXXX-XXXXXX-99999","Airline","07/29/07","August","UNITED AIRLINES      ROSEMONT     IL",1192.69,
"Travel","JAN KOWALSKI","XXXX-XXXXXX-99999","Airline","07/29/07","August","UNITED AIRLINES      ROSEMONT     IL",1192.69,
"Travel","JAN KOWALSKI","XXXX-XXXXXX-99999","Airline","11/14/07","December","UNITED AIRLINES      MAKATI CITY, IL",710.22,
"Travel","JAN KOWALSKI","XXXX-XXXXXX-99999","Car Rental","03/02/07","March","HERTZ - MAKATEL -, FRANKFURT",107.98,
"Travel","JAN KOWALSKI","XXXX-XXXXXX-99999","Car Rental","03/10/07","April","HERTZ - MAKATEL -, FRANKFURT",764.95,
"Travel","JAN KOWALSKI","XXXX-XXXXXX-99999","Car Rental","03/12/07","April","HERTZ RENT A CAR FINLAND",94.15,
"Travel","JAN KOWALSKI","XXXX-XXXXXX-99999","Car Rental","03/15/07","April","HERTZ RENT A CAR FINLAND",659.19,
"Travel","JAN KOWALSKI","XXXX-XXXXXX-99999","Car Rental","04/18/07","May","HERTZ - MAKATEL -, FRANKFURT",323.52,
"Travel","JAN KOWALSKI","XXXX-XXXXXX-99999","Car Rental","05/18/07","June","HERTZ CAR RENTAL    INCLINE VILLA     NV",53.59,
"Travel","JAN KOWALSKI","XXXX-XXXXXX-99999","Car Rental","06/01/07","June","JUMBO CAR SA, ABYMES",52.25,
"Travel","JAN KOWALSKI","XXXX-XXXXXX-99999","Car Rental","06/02/07","July","HERTZ SA, TRAPPES CX",493.71,
"Travel","JAN KOWALSKI","XXXX-XXXXXX-99999","Car Rental","06/18/07","July","HERTZ CAR RENTAL    SAN FRANCISCO     CA",134.6,
"Travel","JAN KOWALSKI","XXXX-XXXXXX-99999","Car Rental","08/20/07","September","HERTZ CAR RENTAL    RENO              NV",68.47,
"Travel","JAN KOWALSKI","XXXX-XXXXXX-99999","Car Rental","09/03/07","September","HERTZ AUSTRALIA PTY LTD",627.57,
"Travel","JAN KOWALSKI","XXXX-XXXXXX-99999","Car Rental","09/04/07","September","HERTZ CAR RENTAL    RENO              NV",72.83,
"Travel","JAN KOWALSKI","XXXX-XXXXXX-99999","Car Rental","09/28/07","October","HERTZ - MAKATEL -, FRANKFURT",85.41,
"Travel","JAN KOWALSKI","XXXX-XXXXXX-99999","Car Rental","09/28/07","October","HERTZ CAR RENTAL    INCLINE VILLA     NV",68.62,
"Travel","JAN KOWALSKI","XXXX-XXXXXX-99999","Car Rental","10/05/07","October","HERTZ AUSTRALIA PTY LTD",30.29,
"Travel","JAN KOWALSKI","XXXX-XXXXXX-99999","Car Rental","10/08/07","November","HERTZ - MAKATEL -, FRANKFURT",970.02,
"Travel","JAN KOWALSKI","XXXX-XXXXXX-99999","Car Rental","11/27/07","January","HERTZ - MAKATEL -, FRANKFURT",814.74,
"Travel","JAN KOWALSKI","XXXX-XXXXXX-99999","Lodging","02/01/07","February","HOTELLI AAKENUS, ROVANIEMI",458.07,
"Travel","JAN KOWALSKI","XXXX-XXXXXX-99999","Lodging","03/23/07","April","HOTEL VILLA BASILEWSCUTIGLIANO",776.78,
"Travel","JAN KOWALSKI","XXXX-XXXXXX-99999","Lodging","04/05/07","April","Best Western PresideNew York          NY",294.8,
"Travel","JAN KOWALSKI","XXXX-XXXXXX-99999","Lodging","04/05/07","April","RAMADA LIMITED      DENVER              CO",110.24,
"Travel","JAN KOWALSKI","XXXX-XXXXXX-99999","Lodging","06/17/07","July","RAMADA LIMITED      SAN BRUNO           CA",74.5,
"Travel","JAN KOWALSKI","XXXX-XXXXXX-99999","Lodging","10/08/07","October","J W MARRIOTT HOTEL MUMBAI INDIA",3718.47,
"Travel","JAN KOWALSKI","XXXX-XXXXXX-99999","Other Transportation","11/06/07","November","MTA MVM*42ND STREET 212-METROCARD       NY",10.0,
"Restaurant","JAN KOWALSKI","XXXX-XXXXXX-99999","Restaurant","03/01/07","March","FUNG LAM            SAN FRANCISCO       CA",12.45,
"Restaurant","JAN KOWALSKI","XXXX-XXXXXX-99999","Restaurant","03/01/07","March","SAN FRANCISCO SOUP CSAN FRANCISCO     CA",6.5,
"Restaurant","JAN KOWALSKI","XXXX-XXXXXX-99999","Restaurant","03/01/07","March","SAN FRANCISCO SOUP CSAN FRANCISCO     CA",10.23,
"Restaurant","JAN KOWALSKI","XXXX-XXXXXX-99999","Restaurant","03/25/07","April","SAN FRANCISCO SOUP CSAN FRANCISCO     CA",10.23,
"Restaurant","JAN KOWALSKI","XXXX-XXXXXX-99999","Restaurant","04/01/07","April","CREATIVE HOST SERVICRENO                NV",2.46,
"Restaurant","JAN KOWALSKI","XXXX-XXXXXX-99999","Restaurant","04/01/07","April","CREATIVE HOST SERVICRENO                NV",2.46,
"Restaurant","JAN KOWALSKI","XXXX-XXXXXX-99999","Restaurant","04/02/07","April","EUROPA CAFE         NEW YORK          NY",5.4,
"Restaurant","JAN KOWALSKI","XXXX-XXXXXX-99999","Restaurant","04/02/07","April","EUROPA CAFE         NEW YORK          NY",11.05,
"Restaurant","JAN KOWALSKI","XXXX-XXXXXX-99999","Restaurant","04/03/07","April","EUROPA CAFE         NEW YORK          NY",6.77,
"Restaurant","JAN KOWALSKI","XXXX-XXXXXX-99999","Restaurant","04/03/07","April","EUROPA CAFE         NEW YORK          NY",11.05,
"Restaurant","JAN KOWALSKI","XXXX-XXXXXX-99999","Restaurant","04/04/07","April","CIBO EXPRESS GOURMETFLUSHING            NY",11.81,
"Restaurant","JAN KOWALSKI","XXXX-XXXXXX-99999","Restaurant","04/04/07","April","CIBO EXPRESS GOURMETFLUSHING            NY",12.98,
"Restaurant","JAN KOWALSKI","XXXX-XXXXXX-99999","Restaurant","04/05/07","April","DENVER SPORTS BAR   DENVER              CO",2.42,
"Restaurant","JAN KOWALSKI","XXXX-XXXXXX-99999","Restaurant","04/17/07","May","SAN FRANCISCO SOUP CSAN FRANCISCO     CA",16.12,
"Restaurant","JAN KOWALSKI","XXXX-XXXXXX-99999","Restaurant","05/19/07","June","CARIBOU COFFEE      ATLANTA           GA",9.34,
"Restaurant","JAN KOWALSKI","XXXX-XXXXXX-99999","Restaurant","06/16/07","July","HMS HOST-ATL AIRPT QATLANTA             GA",10.45,
"Restaurant","JAN KOWALSKI","XXXX-XXXXXX-99999","Restaurant","08/20/07","September","CREATIVE HOST SERVICRENO                NV",7.59,
"Restaurant","JAN KOWALSKI","XXXX-XXXXXX-99999","Restaurant","08/20/07","September","CREATIVE HOST SERVICRENO                NV",8.78,
"Restaurant","JAN KOWALSKI","XXXX-XXXXXX-99999","Restaurant","09/27/07","October","DELI UP CAFE        00001               CA",7.31,
"Restaurant","JAN KOWALSKI","XXXX-XXXXXX-99999","Restaurant","11/06/07","November","EUROPA CAFE 93861522NEW YORK            NY",7.21,
"Restaurant","JAN KOWALSKI","XXXX-XXXXXX-99999","Restaurant","11/06/07","November","EUROPA CAFE 93861522NEW YORK            NY",10.5,
"Restaurant","JAN KOWALSKI","XXXX-XXXXXX-99999","Restaurant","11/06/07","November","PAX WHOLESOME FOODS NEW YORK            NY",13.55,
"Restaurant","JAN KOWALSKI","XXXX-XXXXXX-99999","Restaurant","11/07/07","November","ROSENS CAFE ROSENS CNEW YORK            NY",7.11,
"Restaurant","JAN KOWALSKI","XXXX-XXXXXX-99999","Restaurant","11/07/07","November","ROSENS CAFE ROSENS CNEW YORK            NY",18.92,
"Restaurant","JAN KOWALSKI","XXXX-XXXXXX-99999","Restaurant","11/08/07","December","PAX WHOLESOME FOODS NEW YORK            NY",11.35,
"Restaurant","JAN KOWALSKI","XXXX-XXXXXX-99999","Restaurant","11/08/07","December","WU LIANG YE WU LIANGNEW YORK            NY",52.9,
"Restaurant","JAN KOWALSKI","XXXX-XXXXXX-99999","Restaurant","11/09/07","December","EUROPA CAFE 93861524NEW YORK            NY",7.84,
"Restaurant","JAN KOWALSKI","XXXX-XXXXXX-99999","Restaurant","11/09/07","December","HMSHOST-JFK-AIRPT #QJAMAICA             NY",6.81,
"Restaurant","JAN KOWALSKI","XXXX-XXXXXX-99999","Restaurant","11/09/07","December","WOLFGANG PUCK #831 QSALT LAKE CIT       UT",9.68,
"Restaurant","JAN KOWALSKI","XXXX-XXXXXX-99999","Restaurant","11/26/07","December","CAFFE DEL MONDO - TESAN FRANCISCO       CA",5.9,
"Restaurant","JAN KOWALSKI","XXXX-XXXXXX-99999","Restaurant","11/26/07","December","CREATIVE HOST SERVICRENO                NV",5.13,
"Restaurant","JAN KOWALSKI","XXXX-XXXXXX-99999","Restaurant","11/26/07","December","SAN FRANCISCO SOUP CSAN FRANCISCO       CA",6.98,
"Restaurant","JAN KOWALSKI","XXXX-XXXXXX-99999","Restaurant","12/17/07","January","SAN FRANCISCO SOUP CSAN FRANCISCO       CA",10.22,
"Restaurant","JAN KOWALSKI","XXXX-XXXXXX-99999","Restaurant","12/18/07","January","TEMP NEWS #1       QSAN FRANCISCO       CA",1.89,
"Other Merchants","JAN KOWALSKI","XXXX-XXXXXX-99999","Entertainment","06/28/07","July","TAHOE CITY MARINA 00TAHOE CITY          CA",160.0,
"Other Merchants","JAN KOWALSKI","XXXX-XXXXXX-99999","Cash/fees","09/28/07","October","TRANSACTION PROCESSED BY AMERICAN EXPRESS",29.0,
"Other Merchants","JAN KOWALSKI","XXXX-XXXXXX-99999","Communications","01/01/07","January","AT&T EASYCHARGE     800-310-2355        CA",105.37,
"Other Merchants","JAN KOWALSKI","XXXX-XXXXXX-99999","Communications","01/11/07","February","T-MOBILE            800-937-8997      WA",265.98,
"Other Merchants","JAN KOWALSKI","XXXX-XXXXXX-99999","Communications","01/28/07","February","COMPUSERVE COLUMBUS 800-848-8990      VA",9.95,
"Other Merchants","JAN KOWALSKI","XXXX-XXXXXX-99999","Communications","01/30/07","February","SPRINTPCS AUTOPYMT ROVERLAND PARK     KS",60.67,
"Other Merchants","JAN KOWALSKI","XXXX-XXXXXX-99999","Communications","02/01/07","February","AT&T EASYCHARGE     800-310-2355        CA",105.37,
"Other Merchants","JAN KOWALSKI","XXXX-XXXXXX-99999","Communications","02/11/07","March","T-MOBILE            800-937-8997      WA",47.48,
"Other Merchants","JAN KOWALSKI","XXXX-XXXXXX-99999","Communications","02/25/07","March","COMPUSERVE COLUMBUS 800-848-8990      VA",9.95,
"Other Merchants","JAN KOWALSKI","XXXX-XXXXXX-99999","Communications","03/01/07","March","AT&T EASYCHARGE     800-310-2355        CA",105.43,
"Other Merchants","JAN KOWALSKI","XXXX-XXXXXX-99999","Communications","03/02/07","March","SPRINTPCS AUTOPYMT ROVERLAND PARK     KS",60.67,
"Other Merchants","JAN KOWALSKI","XXXX-XXXXXX-99999","Communications","03/12/07","April","T-MOBILE            800-937-8997      WA",37.63,
"Other Merchants","JAN KOWALSKI","XXXX-XXXXXX-99999","Communications","03/30/07","April","SPRINTPCS AUTOPYMT ROVERLAND PARK       KS",60.67,
"Other Merchants","JAN KOWALSKI","XXXX-XXXXXX-99999","Communications","04/01/07","April","AT&T EASYCHARGE     800-310-2355        CA",135.19,
"Other Merchants","JAN KOWALSKI","XXXX-XXXXXX-99999","Communications","04/01/07","April","COMPUSERVE COLUMBUS 800-848-8990      VA",9.95,
"Other Merchants","JAN KOWALSKI","XXXX-XXXXXX-99999","Communications","04/11/07","May","T-MOBILE            800-937-8997      WA",190.22,
"Other Merchants","JAN KOWALSKI","XXXX-XXXXXX-99999","Communications","04/29/07","May","COMPUSERVE COLUMBUS 800-848-8990      VA",9.95,
"Other Merchants","JAN KOWALSKI","XXXX-XXXXXX-99999","Communications","04/30/07","May","SPRINTPCS AUTOPYMT ROVERLAND PARK       KS",60.67,
"Other Merchants","JAN KOWALSKI","XXXX-XXXXXX-99999","Communications","05/01/07","May","AT&T EASYCHARGE     800-288-2020        CA",105.4,
"Other Merchants","JAN KOWALSKI","XXXX-XXXXXX-99999","Communications","05/11/07","June","T-MOBILE            800-937-8997      WA",68.5,
"Other Merchants","JAN KOWALSKI","XXXX-XXXXXX-99999","Communications","05/27/07","June","COMPUSERVE COLUMBUS 800-848-8990      VA",9.95,
"Other Merchants","JAN KOWALSKI","XXXX-XXXXXX-99999","Communications","05/30/07","June","SPRINTPCS AUTOPYMT ROVERLAND PARK       KS",60.67,
"Other Merchants","JAN KOWALSKI","XXXX-XXXXXX-99999","Communications","06/01/07","June","AT&T EASYCHARGE     800-288-2020        CA",84.06,
"Other Merchants","JAN KOWALSKI","XXXX-XXXXXX-99999","Communications","06/11/07","July","T-MOBILE            800-937-8997      WA",50.12,
"Other Merchants","JAN KOWALSKI","XXXX-XXXXXX-99999","Communications","06/30/07","July","SPRINTPCS AUTOPYMT ROVERLAND PARK       KS",60.67,
"Other Merchants","JAN KOWALSKI","XXXX-XXXXXX-99999","Communications","07/01/07","July","AT&T EASYCHARGE     800-288-2020        CA",93.54,
"Other Merchants","JAN KOWALSKI","XXXX-XXXXXX-99999","Communications","07/01/07","July","COMPUSERVE COLUMBUS 800-848-8990      VA",9.95,
"Other Merchants","JAN KOWALSKI","XXXX-XXXXXX-99999","Communications","07/11/07","August","T-MOBILE RECURNG PMT800-937-8997      WA",105.25,
"Other Merchants","JAN KOWALSKI","XXXX-XXXXXX-99999","Communications","07/29/07","August","COMPUSERVE COLUMBUS 800-848-8990      VA",9.95,
"Other Merchants","JAN KOWALSKI","XXXX-XXXXXX-99999","Communications","07/30/07","August","SPRINTPCS AUTOPYMT ROVERLAND PARK       KS",60.67,
"Other Merchants","JAN KOWALSKI","XXXX-XXXXXX-99999","Communications","08/01/07","August","ATT CONS PHONE PMT  800-288-2020      TX",93.52,
"Other Merchants","JAN KOWALSKI","XXXX-XXXXXX-99999","Communications","08/11/07","September","T-MOBILE RECURNG PMT800-937-8997      WA",37.94,
"Other Merchants","JAN KOWALSKI","XXXX-XXXXXX-99999","Communications","08/26/07","September","COMPUSERVE COLUMBUS 800-848-8990      VA",9.95,
"Other Merchants","JAN KOWALSKI","XXXX-XXXXXX-99999","Communications","09/03/07","September","ATTN:CHARGEBACK DEPTDALLAS              TX",93.46,
"Other Merchants","JAN KOWALSKI","XXXX-XXXXXX-99999","Communications","09/11/07","October","T-MOBILE CCII       BELLEVUE            WA",39.16,
"Other Merchants","JAN KOWALSKI","XXXX-XXXXXX-99999","Communications","09/30/07","October","COMPUSERVE COLUMBUS 800-848-8990        VA",9.95,
"Other Merchants","JAN KOWALSKI","XXXX-XXXXXX-99999","Communications","10/01/07","October","SPRINTPCS AUTOPYMT ROVERLAND PARK       KS",21.34,
"Other Merchants","JAN KOWALSKI","XXXX-XXXXXX-99999","Communications","10/02/07","October","ATT CONS PHONE PMT  800-288-2020        TX",93.49,
"Other Merchants","JAN KOWALSKI","XXXX-XXXXXX-99999","Communications","10/11/07","November","T-MOBILE RECURNG PMT800-937-8997        WA",108.97,
"Other Merchants","JAN KOWALSKI","XXXX-XXXXXX-99999","Communications","10/28/07","November","COMPUSERVE COLUMBUS 800-848-8990        VA",9.95,
"Other Merchants","JAN KOWALSKI","XXXX-XXXXXX-99999","Communications","10/30/07","November","SPRINTPCS AUTOPYMT ROVERLAND PARK       KS",60.67,
"Other Merchants","JAN KOWALSKI","XXXX-XXXXXX-99999","Communications","11/02/07","November","ATT CONS PHONE PMT  800-288-2020        TX",93.47,
"Other Merchants","JAN KOWALSKI","XXXX-XXXXXX-99999","Communications","11/11/07","December","T-MOBILE RECURNG PMT800-937-8997        WA",95.51,
"Other Merchants","JAN KOWALSKI","XXXX-XXXXXX-99999","Communications","11/25/07","December","COMPUSERVE COLUMBUS 800-848-8990        VA",9.95,
"Other Merchants","JAN KOWALSKI","XXXX-XXXXXX-99999","Communications","11/30/07","December","SPRINTPCS AUTOPYMT ROVERLAND PARK       KS",60.67,
"Other Merchants","JAN KOWALSKI","XXXX-XXXXXX-99999","Communications","12/03/07","December","ATT CONS PHONE PMT  800-288-2020        TX",93.49,
"Other Merchants","JAN KOWALSKI","XXXX-XXXXXX-99999","Communications","12/11/07","January","T-MOBILE RECURNG PMT800-937-8997        WA",68.38,
"Other Merchants","JAN KOWALSKI","XXXX-XXXXXX-99999","Communications","12/30/07","January","COMPUSERVE COLUMBUS 800-848-8990        VA",9.95,
"Other Merchants","JAN KOWALSKI","XXXX-XXXXXX-99999","Communications","12/31/07","January","SPRINTPCS AUTOPYMT ROVERLAND PARK       KS",60.67,
"Other Merchants","JAN KOWALSKI","XXXX-XXXXXX-99999","Professional Services","01/28/07","February","DOCUMENT COMMAND INCBEAVERTON           OR",25.0,
"Other Merchants","JAN KOWALSKI","XXXX-XXXXXX-99999","Professional Services","02/08/07","March","DOCUMENT COMMAND INCBEAVERTON           OR",,25.0
"Other Merchants","JAN KOWALSKI","XXXX-XXXXXX-99999","Professional Services","03/05/07","March","SMARTE CARTE RNOAP 3RENO                NV",3.0,
"Other Merchants","JAN KOWALSKI","XXXX-XXXXXX-99999","Professional Services","03/26/07","April","SMARTE CARTE RNOAP 3RENO                NV",3.0,
"Other Merchants","JAN KOWALSKI","XXXX-XXXXXX-99999","Professional Services","04/25/07","May","RENO-TAHOE INT AIRPORENO                NV",56.0,
"Other Merchants","JAN KOWALSKI","XXXX-XXXXXX-99999","Professional Services","04/28/07","May","2CO.COM             COLUMBUS          OH",11.88,
"Other Merchants","JAN KOWALSKI","XXXX-XXXXXX-99999","Professional Services","06/19/07","July","SMARTE CARTE SFOAP 3SAN FRANCISCO       CA",3.0,
"Other Merchants","JAN KOWALSKI","XXXX-XXXXXX-99999","Professional Services","08/14/07","September","CLICKNPRINT TICKETS 888-695-0888        TX",27.35,
"Other Merchants","JAN KOWALSKI","XXXX-XXXXXX-99999","Professional Services","09/05/07","September","SMARTE CARTE RNOAP 3RENO                NV",3.0,
"Other Merchants","JAN KOWALSKI","XXXX-XXXXXX-99999","Professional Services","09/16/07","October","UPS* 000023F440     800-811-1648        GA",9.48,
"Other Merchants","JAN KOWALSKI","XXXX-XXXXXX-99999","Professional Services","09/19/07","October","GODADDY.COM         (480)624-2500",16.58,
"Other Merchants","JAN KOWALSKI","XXXX-XXXXXX-99999","Professional Services","09/28/07","October","SMARTE CARTE SFOAP 3SAN FRANCISCO       CA",3.0,
"Other Merchants","JAN KOWALSKI","XXXX-XXXXXX-99999","Professional Services","10/16/07","November","INTEGRAM            7038491700          VA",1.2,
"Other Merchants","JAN KOWALSKI","XXXX-XXXXXX-99999","Professional Services","11/05/07","November","SCI CARTS-NEWARK INTNEWARK              NJ",3.0,
"Other Merchants","JAN KOWALSKI","XXXX-XXXXXX-99999","Professional Services","11/11/07","December","NEVADA DMV 44 000000CARSON CITY         NV",364.0,
"Other Merchants","JAN KOWALSKI","XXXX-XXXXXX-99999","Professional Services","11/12/07","December","SMARTE CARTE RNOAP 3RENO                NV",3.0,
"Other Merchants","JAN KOWALSKI","XXXX-XXXXXX-99999","Professional Services","11/27/07","December","SMARTE CARTE RNOAP 3RENO                NV",3.0,
"Other Merchants","JAN KOWALSKI","XXXX-XXXXXX-99999","Professional Services","12/19/07","January","SMARTE CARTE RNOAP 3RENO                NV",3.0,
"Merchandise","JAN KOWALSKI","XXXX-XXXXXX-99999","Mail Order","01/01/07","January","IBACKUP.COM PROSOFTN8185945972          CA",9.95,
"Merchandise","JAN KOWALSKI","XXXX-XXXXXX-99999","Mail Order","01/08/07","February","INDIGO NETWORK GMBH/SIPGATE,DUESSELDORF",26.61,
"Merchandise","JAN KOWALSKI","XXXX-XXXXXX-99999","Mail Order","01/11/07","February","VONAGE AMERICA      866-243-4357      NJ",41.73,
"Merchandise","JAN KOWALSKI","XXXX-XXXXXX-99999","Mail Order","01/16/07","February","I DRIVE SAFELY 0025 SOLANA BEACH        CA",14.95,
"Merchandise","JAN KOWALSKI","XXXX-XXXXXX-99999","Mail Order","01/23/07","February","AMAZON.COM PAYMENTS AMZN.COM/BILL     WA",86.68,
"Merchandise","JAN KOWALSKI","XXXX-XXXXXX-99999","Mail Order","01/24/07","February","VONAGE AMERICA      866-243-4357      NJ",19.34,
"Merchandise","JAN KOWALSKI","XXXX-XXXXXX-99999","Mail Order","02/01/07","February","IBACKUP.COM PROSOFTN8185945972          CA",9.95,
"Merchandise","JAN KOWALSKI","XXXX-XXXXXX-99999","Mail Order","02/11/07","March","VONAGE AMERICA      866-243-4357      NJ",24.86,
"Merchandise","JAN KOWALSKI","XXXX-XXXXXX-99999","Mail Order","02/24/07","March","VONAGE AMERICA      866-243-4357      NJ",18.42,
"Merchandise","JAN KOWALSKI","XXXX-XXXXXX-99999","Mail Order","03/01/07","March","IBACKUP.COM PROSOFTN8185945972          CA",9.95,
"Merchandise","JAN KOWALSKI","XXXX-XXXXXX-99999","Mail Order","03/12/07","April","VONAGE AMERICA      866-243-4357      NJ",24.74,
"Merchandise","JAN KOWALSKI","XXXX-XXXXXX-99999","Mail Order","03/14/07","April","INDIGO NETWORK GMBH/SIPGATE,DUESSELDORF",27.0,
"Merchandise","JAN KOWALSKI","XXXX-XXXXXX-99999","Mail Order","03/24/07","April","VONAGE AMERICA      866-243-4357      NJ",18.18,
"Merchandise","JAN KOWALSKI","XXXX-XXXXXX-99999","Mail Order","04/01/07","April","IBACKUP.COM PROSOFTN8185945972          CA",9.95,
"Merchandise","JAN KOWALSKI","XXXX-XXXXXX-99999","Mail Order","04/05/07","April","INTERNET-USAGE.COM  979-7753405         TX",7.95,
"Merchandise","JAN KOWALSKI","XXXX-XXXXXX-99999","Mail Order","04/12/07","May","VONAGE AMERICA      866-243-4357      NJ",20.08,
"Merchandise","JAN KOWALSKI","XXXX-XXXXXX-99999","Mail Order","04/23/07","May","INDIGO NETWORK GMBH/SIPGATE,DUESSELDORF",27.72,
"Merchandise","JAN KOWALSKI","XXXX-XXXXXX-99999","Mail Order","04/24/07","May","VONAGE AMERICA      866-243-4357      NJ",31.49,
"Merchandise","JAN KOWALSKI","XXXX-XXXXXX-99999","Mail Order","05/01/07","May","AMZN PMT SERVICES   800-201-7575      WA",0.21,
"Merchandise","JAN KOWALSKI","XXXX-XXXXXX-99999","Mail Order","05/01/07","May","IBACKUP.COM PROSOFTN8185945972          CA",9.95,
"Merchandise","JAN KOWALSKI","XXXX-XXXXXX-99999","Mail Order","05/04/07","May","INDIGO NETWORK GMBH/SIPGATE,DUESSELDORF",27.79,
"Merchandise","JAN KOWALSKI","XXXX-XXXXXX-99999","Mail Order","05/12/07","June","VONAGE AMERICA      866-243-4357      NJ",30.58,
"Merchandise","JAN KOWALSKI","XXXX-XXXXXX-99999","Mail Order","05/22/07","June","ETRAILER.COM 00000  WENTZVILLE          MO",357.94,
"Merchandise","JAN KOWALSKI","XXXX-XXXXXX-99999","Mail Order","05/24/07","June","VONAGE AMERICA      866-243-4357      NJ",17.98,
"Merchandise","JAN KOWALSKI","XXXX-XXXXXX-99999","Mail Order","06/01/07","June","AMZN PMT SERVICES   800-201-7575      WA",0.1,
"Merchandise","JAN KOWALSKI","XXXX-XXXXXX-99999","Mail Order","06/01/07","June","IBACKUP.COM PROSOFTN8185945972          CA",9.95,
"Merchandise","JAN KOWALSKI","XXXX-XXXXXX-99999","Mail Order","06/07/07","June","BroadVoice          978-418-7300      MA",49.4,
"Merchandise","JAN KOWALSKI","XXXX-XXXXXX-99999","Mail Order","06/12/07","July","VONAGE AMERICA      866-243-4357      NJ",22.29,
"Merchandise","JAN KOWALSKI","XXXX-XXXXXX-99999","Mail Order","06/13/07","July","BroadVoice          978-418-7300      MA",,49.4
"Merchandise","JAN KOWALSKI","XXXX-XXXXXX-99999","Mail Order","06/22/07","July","CREDIT REPORT 800493SAN LUIS OBI        CA",7.95,
"Merchandise","JAN KOWALSKI","XXXX-XXXXXX-99999","Mail Order","06/25/07","July","VONAGE AMERICA      866-243-4357      NJ",22.38,
"Merchandise","JAN KOWALSKI","XXXX-XXXXXX-99999","Mail Order","07/01/07","July","AMZN PMT SERVICES   800-201-7575      WA",0.1,
"Merchandise","JAN KOWALSKI","XXXX-XXXXXX-99999","Mail Order","07/01/07","July","IBACKUP.COM PROSOFTN8185945972          CA",9.95,
"Merchandise","JAN KOWALSKI","XXXX-XXXXXX-99999","Mail Order","07/12/07","August","VONAGE AMERICA      866-243-4357      NJ",19.96,
"Merchandise","JAN KOWALSKI","XXXX-XXXXXX-99999","Mail Order","07/20/07","August","HP DIRECT SMB       888-215-8871",535.8,
"Merchandise","JAN KOWALSKI","XXXX-XXXXXX-99999","Mail Order","07/24/07","August","VONAGE AMERICA      866-243-4357      NJ",17.98,
"Merchandise","JAN KOWALSKI","XXXX-XXXXXX-99999","Mail Order","08/01/07","August","AMZN PMT SERVICES   800-201-7575      WA",0.1,
"Merchandise","JAN KOWALSKI","XXXX-XXXXXX-99999","Mail Order","08/01/07","August","IBACKUP.COM PROSOFTN8185945972          CA",9.95,
"Merchandise","JAN KOWALSKI","XXXX-XXXXXX-99999","Mail Order","08/04/07","August","AMAZON.COM PAYMENTS AMZN.COM/BILL     WA",431.71,
"Merchandise","JAN KOWALSKI","XXXX-XXXXXX-99999","Mail Order","08/12/07","September","INDIGO NETWORK GMBH/SIPGATE,DUESSELDORF",27.9,
"Merchandise","JAN KOWALSKI","XXXX-XXXXXX-99999","Mail Order","08/12/07","September","VONAGE AMERICA      866-243-4357      NJ",18.41,
"Merchandise","JAN KOWALSKI","XXXX-XXXXXX-99999","Mail Order","08/13/07","September","BIBIT INTERNET PAYMENTS",223.11,
"Merchandise","JAN KOWALSKI","XXXX-XXXXXX-99999","Mail Order","08/24/07","September","VONAGE AMERICA      866-243-4357      NJ",20.72,
"Merchandise","JAN KOWALSKI","XXXX-XXXXXX-99999","Mail Order","09/01/07","September","IBACKUP.COM PROSOFTN8185945972          CA",9.95,
"Merchandise","JAN KOWALSKI","XXXX-XXXXXX-99999","Mail Order","09/01/07","September","MNESVC INC          SEATTLE             WA",0.1,
"Merchandise","JAN KOWALSKI","XXXX-XXXXXX-99999","Mail Order","09/12/07","October","VONAGE HOLDINGS CORPHOLMDEL             NJ",18.08,
"Merchandise","JAN KOWALSKI","XXXX-XXXXXX-99999","Mail Order","09/24/07","October","VONAGE HOLDINGS CORPHOLMDEL             NJ",21.76,
"Merchandise","JAN KOWALSKI","XXXX-XXXXXX-99999","Mail Order","09/26/07","October","Pacific Battery Syst760-724-2900        CA",119.0,
"Merchandise","JAN KOWALSKI","XXXX-XXXXXX-99999","Mail Order","10/01/07","October","AMZN PMTS           866-216-1072        WA",0.1,
"Merchandise","JAN KOWALSKI","XXXX-XXXXXX-99999","Mail Order","10/01/07","October","IBACKUP.COM PROSOFTN8185945972          CA",9.95,
"Merchandise","JAN KOWALSKI","XXXX-XXXXXX-99999","Mail Order","10/12/07","November","BIBIT INTERNET PAYMENTS",86.93,
"Merchandise","JAN KOWALSKI","XXXX-XXXXXX-99999","Mail Order","10/12/07","November","VONAGE AMERICA      866-243-4357        NJ",18.1,
"Merchandise","JAN KOWALSKI","XXXX-XXXXXX-99999","Mail Order","10/24/07","November","VONAGE AMERICA      866-243-4357        NJ",35.33,
"Merchandise","JAN KOWALSKI","XXXX-XXXXXX-99999","Mail Order","11/01/07","November","AMZN PMTS           866-216-1072        WA",0.09,
"Merchandise","JAN KOWALSKI","XXXX-XXXXXX-99999","Mail Order","11/01/07","November","IBACKUP.COM PROSOFTN8185945972          CA",9.95,
"Merchandise","JAN KOWALSKI","XXXX-XXXXXX-99999","Mail Order","11/05/07","November","INDIGO NETWORK GMBH/SIPGATE,DUESSELDORF",29.57,
"Merchandise","JAN KOWALSKI","XXXX-XXXXXX-99999","Mail Order","11/11/07","December","VONAGE AMERICA      866-243-4357        NJ",18.24,
"Merchandise","JAN KOWALSKI","XXXX-XXXXXX-99999","Mail Order","11/16/07","December","LCDTVS.COM          800-507-5315        NJ",822.95,
"Merchandise","JAN KOWALSKI","XXXX-XXXXXX-99999","Mail Order","11/24/07","December","VONAGE AMERICA      866-243-4357        NJ",18.8,
"Merchandise","JAN KOWALSKI","XXXX-XXXXXX-99999","Mail Order","12/01/07","December","AMZN PMTS           866-216-1072        WA",0.1,
"Merchandise","JAN KOWALSKI","XXXX-XXXXXX-99999","Mail Order","12/01/07","December","IBACKUP.COM PROSOFTN8185945972          CA",9.95,
"Merchandise","JAN KOWALSKI","XXXX-XXXXXX-99999","Mail Order","12/09/07","January","WWW.NEWEGG.COM      800-390-1119        CA",137.02,
"Merchandise","JAN KOWALSKI","XXXX-XXXXXX-99999","Mail Order","12/12/07","January","VONAGE AMERICA      866-243-4357        NJ",18.24,
"Merchandise","JAN KOWALSKI","XXXX-XXXXXX-99999","Mail Order","12/17/07","January","AMZ*PRIME CLUB      866-557-2820        NV",79.0,
"Merchandise","JAN KOWALSKI","XXXX-XXXXXX-99999","Mail Order","12/24/07","January","VONAGE AMERICA      866-243-4357        NJ",18.32,
"Merchandise","JAN KOWALSKI","XXXX-XXXXXX-99999","Retail","01/04/07","January","DRIVE SOLUTIONS, INCCHATSWORTH          CA",73.0,
"Merchandise","JAN KOWALSKI","XXXX-XXXXXX-99999","Retail","01/05/07","January","AMAZON.COM          AMZN.COM/BILL     WA",41.24,
"Merchandise","JAN KOWALSKI","XXXX-XXXXXX-99999","Retail","01/16/07","February","AMAZON.COM          AMZN.COM/BILL     WA",59.99,
"Merchandise","JAN KOWALSKI","XXXX-XXXXXX-99999","Retail","01/17/07","February","BEST BUY MHT   0128 RENO              NV",6.43,
"Merchandise","JAN KOWALSKI","XXXX-XXXXXX-99999","Retail","04/14/07","May","RAINBOW PRINTING 180INCLINE VILLAGE     NV",8.58,
"Merchandise","JAN KOWALSKI","XXXX-XXXXXX-99999","Retail","04/16/07","May","RAINBOW PRINTING 180INCLINE VILLAGE     NV",7.39,
"Merchandise","JAN KOWALSKI","XXXX-XXXXXX-99999","Retail","04/27/07","May","IPPHONE-WAREHOUSE.COWAUKESHA            WI",236.4,
"Merchandise","JAN KOWALSKI","XXXX-XXXXXX-99999","Retail","04/28/07","May","COMPUSA#0172        RENO              NV",42.94,
"Merchandise","JAN KOWALSKI","XXXX-XXXXXX-99999","Retail","05/21/07","June","AMAZON.COM          AMZN.COM/BILL     WA",26.39,
"Merchandise","JAN KOWALSKI","XXXX-XXXXXX-99999","Retail","06/02/07","June","FNAC NICE, NICE",13.74,
"Merchandise","JAN KOWALSKI","XXXX-XXXXXX-99999","Retail","06/04/07","June","FNAC NICE, NICE",122.57,
"Merchandise","JAN KOWALSKI","XXXX-XXXXXX-99999","Retail","06/19/07","July","TELEPHONY DEPOT 0500PHILADELPHIA        PA",77.97,
"Merchandise","JAN KOWALSKI","XXXX-XXXXXX-99999","Retail","08/07/07","August","AMAZON.COM          AMZN.COM/BILL     WA",58.89,
"Merchandise","JAN KOWALSKI","XXXX-XXXXXX-99999","Retail","08/22/07","September","SOUVENIR WORLD (AIRPORT) P/L MASCOT NSW",16.74,
"Merchandise","JAN KOWALSKI","XXXX-XXXXXX-99999","Retail","11/05/07","November","TELEPHONY DEPOT 0500PHILADELPHIA        PA",283.32,
"Merchandise","JAN KOWALSKI","XXXX-XXXXXX-99999","Retail","11/07/07","November","BARNES & NOBLE 2234 NEW YORK            NY",48.71,
"Merchandise","JAN KOWALSKI","XXXX-XXXXXX-99999","Retail","11/12/07","December","TECH 4 LESS 80000017COLORADO SPRING     CO",61.42,
"Merchandise","JAN KOWALSKI","XXXX-XXXXXX-99999","Retail","11/16/07","December","AMAZON.COM          AMZN.COM/BILL       WA",147.44,
"Merchandise","JAN KOWALSKI","XXXX-XXXXXX-99999","Retail","11/23/07","December","AMAZON.COM          AMZN.COM/BILL       WA",30.42,
"Merchandise","JAN KOWALSKI","XXXX-XXXXXX-99999","Retail","12/05/07","December","AMAZON.COM          AMZN.COM/BILL       WA",,25.4
"Merchandise","JAN KOWALSKI","XXXX-XXXXXX-99999","Retail","12/05/07","December","AMAZON.COM          AMZN.COM/BILL       WA",16.48,
"Merchandise","JAN KOWALSKI","XXXX-XXXXXX-99999","Retail","12/12/07","January","AMAZON.COM          AMZN.COM/BILL       WA",29.67,
"Merchandise","JAN KOWALSKI","XXXX-XXXXXX-99999","Retail","12/18/07","January","RAINBOW PRINTING 180INCLINE VILLAGE     NV",16.63,
"Merchandise","JAN KOWALSKI","XXXX-XXXXXX-99999","Retail","12/20/07","January","AMAZON.COM          AMZN.COM/BILL       WA",20.98,
"Merchandise","JAN KOWALSKI","XXXX-XXXXXX-99999","Retail","12/21/07","January","AMAZON.COM          AMZN.COM/BILL       WA",39.98,
"Merchandise","JAN KOWALSKI","XXXX-XXXXXX-99999","Retail","12/26/07","January","VILLAGE ACE HARDWAREINCLINE VILLAG      NV",26.26,
"Merchandise","JAN KOWALSKI","XXXX-XXXXXX-99999","Super Markets","04/01/07","April","BOUDIN BAKERY CAFE SSAN FRANCISCO       CA",8.24,
"Merchandise","JAN KOWALSKI","XXXX-XXXXXX-99999","Super Markets","04/02/07","April","WHOLEFDS CIR 10160 SNEW YORK            NY",5.07,
"Merchandise","JAN KOWALSKI","XXXX-XXXXXX-99999","Super Markets","04/03/07","April","PRANZO              NEW YORK          NY",8.09,
"Merchandise","JAN KOWALSKI","XXXX-XXXXXX-99999","Super Markets","04/04/07","April","PRANZO              NEW YORK          NY",4.34,
"Merchandise","JAN KOWALSKI","XXXX-XXXXXX-99999","Super Markets","05/19/07","June","GUAVA & JAVA        SAN FRANCISCO     CA",22.69,
"Merchandise","JAN KOWALSKI","XXXX-XXXXXX-99999","Super Markets","11/05/07","November","WHOLEFDS CIR 10160 SNEW YORK            NY",13.49,
"Merchandise","JAN KOWALSKI","XXXX-XXXXXX-99999","Super Markets","11/06/07","November","WHOLEFDS CIR 10160 SNEW YORK            NY",22.61,
"Merchandise","JAN KOWALSKI","XXXX-XXXXXX-99999","Super Markets","11/07/07","November","WHOLEFDS CIR 10160 SNEW YORK            NY",14.94,
"Merchandise","JAN KOWALSKI","XXXX-XXXXXX-99999","Super Markets","11/08/07","December","WHOLEFDS CIR 10160 SNEW YORK            NY",16.17,





